noise,fixed_tau,empirical_tau,gaussian_tau,fixed_pfa,empirical_pfa,gaussian_pfa,fixed_pd,empirical_pd,gaussian_pd,repetition
0.05,0.88080689542505,0.207865861014497,0.18702099069875322,0.0,0.011333333333333334,0.029,1.0,1.0,1.0,0
0.05,0.88080689542505,0.21746242708200575,0.19178794528216855,0.0,0.008,0.021333333333333333,1.0,1.0,1.0,1
0.05,0.88080689542505,0.20917279012562456,0.18811174210566237,0.0,0.014333333333333333,0.028,1.0,1.0,1.0,2
0.05,0.88080689542505,0.21068573653952727,0.19145592187582278,0.0,0.010666666666666666,0.02,1.0,1.0,1.0,3
0.05,0.88080689542505,0.21354295241936905,0.19147546291209255,0.0,0.009333333333333334,0.020666666666666667,1.0,1.0,1.0,4
0.05,0.88080689542505,0.22339281505275224,0.1929146515879996,0.0,0.004,0.024,1.0,1.0,1.0,5
0.05,0.88080689542505,0.21556224672531685,0.19022118504108634,0.0,0.012666666666666666,0.03166666666666667,1.0,1.0,1.0,6
0.05,0.88080689542505,0.21340330962651152,0.188296724002131,0.0,0.008333333333333333,0.020666666666666667,1.0,1.0,1.0,7
0.05,0.88080689542505,0.21518377686306533,0.19034393598388166,0.0,0.008,0.025,1.0,1.0,1.0,8
0.05,0.88080689542505,0.21224939777947227,0.1885180594348932,0.0,0.011,0.024333333333333332,1.0,1.0,1.0,9
0.05,0.88080689542505,0.20947085202952212,0.19072387316529668,0.0,0.011666666666666667,0.021,1.0,1.0,1.0,10
0.05,0.88080689542505,0.2131246673062162,0.18975119499115156,0.0,0.010666666666666666,0.023333333333333334,1.0,1.0,1.0,11
0.05,0.88080689542505,0.20691623767593123,0.18899913163242327,0.0,0.014,0.02266666666666667,1.0,1.0,1.0,12
0.05,0.88080689542505,0.20888066675487163,0.1889211171808159,0.0,0.008333333333333333,0.021333333333333333,1.0,1.0,1.0,13
0.05,0.88080689542505,0.22099071959667976,0.19413927838094575,0.0,0.006666666666666667,0.024,1.0,1.0,1.0,14
0.05,0.88080689542505,0.209901172365439,0.1890642344431159,0.0,0.008666666666666666,0.022333333333333334,1.0,1.0,1.0,15
0.05,0.88080689542505,0.21356581410618228,0.18993331595552151,0.0,0.012333333333333333,0.025,1.0,1.0,1.0,16
0.05,0.88080689542505,0.20946670592315766,0.18948079268006918,0.0,0.010333333333333333,0.025,1.0,1.0,1.0,17
0.05,0.88080689542505,0.20041816006094854,0.18640157973741645,0.0,0.013333333333333334,0.026333333333333334,1.0,1.0,1.0,18
0.05,0.88080689542505,0.2133551934597384,0.19041949128335942,0.0,0.009333333333333334,0.02,1.0,1.0,1.0,19
0.05,0.88080689542505,0.21684556662637852,0.19299609898213171,0.0,0.008333333333333333,0.019333333333333334,1.0,1.0,1.0,20
0.05,0.88080689542505,0.20584351396488865,0.18718210896912085,0.0,0.012333333333333333,0.028,1.0,1.0,1.0,21
0.05,0.88080689542505,0.21565761085486007,0.19084778516687045,0.0,0.013,0.025333333333333333,1.0,1.0,1.0,22
0.05,0.88080689542505,0.2109954590381532,0.18802519471108287,0.0,0.014,0.02666666666666667,1.0,1.0,1.0,23
0.05,0.88080689542505,0.21891648908178832,0.19036012319834675,0.0,0.006,0.022333333333333334,1.0,1.0,1.0,24
0.05,0.88080689542505,0.2157087902488643,0.19311423612867495,0.0,0.007,0.019666666666666666,1.0,1.0,1.0,25
0.05,0.88080689542505,0.2073850381758623,0.18795179872676146,0.0,0.011333333333333334,0.025666666666666667,1.0,1.0,1.0,26
0.05,0.88080689542505,0.2177869243367951,0.19284800673493163,0.0,0.007,0.02,1.0,1.0,1.0,27
0.05,0.88080689542505,0.20344557290732856,0.18869094412030157,0.0,0.013,0.023666666666666666,1.0,1.0,1.0,28
0.05,0.88080689542505,0.2055891909570882,0.1876901158720795,0.0,0.014333333333333333,0.027,1.0,1.0,1.0,29
0.1,0.88080689542505,0.8643279860415755,0.7638504439818593,0.007666666666666666,0.008333333333333333,0.028333333333333332,1.0,1.0,1.0,0
0.1,0.88080689542505,0.839350631959811,0.7585925224664198,0.005666666666666667,0.010666666666666666,0.025,1.0,1.0,1.0,1
0.1,0.88080689542505,0.8748007813609708,0.7571030832310914,0.009333333333333334,0.009666666666666667,0.025333333333333333,1.0,1.0,1.0,2
0.1,0.88080689542505,0.8317275427947203,0.7425347826857376,0.008666666666666666,0.013666666666666667,0.032,1.0,1.0,1.0,3
0.1,0.88080689542505,0.8541638126339847,0.7568263423360837,0.009,0.012666666666666666,0.028,1.0,1.0,1.0,4
0.1,0.88080689542505,0.838758759838506,0.7577076345990733,0.011333333333333334,0.017,0.035333333333333335,1.0,1.0,1.0,5
0.1,0.88080689542505,0.8598689026892268,0.7566479588217088,0.007,0.010666666666666666,0.023333333333333334,1.0,1.0,1.0,6
0.1,0.88080689542505,0.8754302055212227,0.769045515969074,0.006666666666666667,0.007666666666666666,0.02266666666666667,1.0,1.0,1.0,7
0.1,0.88080689542505,0.8599090116305853,0.7547321174442492,0.009,0.011,0.023666666666666666,1.0,1.0,1.0,8
0.1,0.88080689542505,0.8550621725224181,0.7661482738450193,0.011333333333333334,0.014,0.03166666666666667,1.0,1.0,1.0,9
0.1,0.88080689542505,0.8711810669952549,0.7694869769816768,0.006666666666666667,0.007333333333333333,0.025,1.0,1.0,1.0,10
0.1,0.88080689542505,0.852557382043509,0.7478475102661042,0.009333333333333334,0.012,0.030333333333333334,1.0,1.0,1.0,11
0.1,0.88080689542505,0.8338427543023658,0.7509775778388283,0.007333333333333333,0.011666666666666667,0.025666666666666667,1.0,1.0,1.0,12
0.1,0.88080689542505,0.8548309251278333,0.7631494936259052,0.009,0.012,0.025,1.0,1.0,1.0,13
0.1,0.88080689542505,0.8715821739157429,0.7632668438406313,0.006,0.006,0.02666666666666667,1.0,1.0,1.0,14
0.1,0.88080689542505,0.8599893089391419,0.7560709772931935,0.006333333333333333,0.008333333333333333,0.03,1.0,1.0,1.0,15
0.1,0.88080689542505,0.8700253679456262,0.7642674220734484,0.008333333333333333,0.009,0.024333333333333332,1.0,1.0,1.0,16
0.1,0.88080689542505,0.841370688006635,0.7665181330881976,0.01,0.014333333333333333,0.025666666666666667,1.0,1.0,1.0,17
0.1,0.88080689542505,0.8243215033962914,0.747587567633121,0.006,0.013,0.028333333333333332,1.0,1.0,1.0,18
0.1,0.88080689542505,0.8486995524413593,0.7564940207576367,0.008333333333333333,0.010666666666666666,0.027,1.0,1.0,1.0,19
0.1,0.88080689542505,0.8640388163821083,0.7536893025406812,0.005333333333333333,0.006,0.023666666666666666,1.0,1.0,1.0,20
0.1,0.88080689542505,0.835637801666025,0.7599686083306456,0.009666666666666667,0.012,0.027,1.0,1.0,1.0,21
0.1,0.88080689542505,0.8688661813481566,0.7670611317667266,0.007,0.007333333333333333,0.017,1.0,1.0,1.0,22
0.1,0.88080689542505,0.8503555740352895,0.7712226070224861,0.007,0.010333333333333333,0.025333333333333333,1.0,1.0,1.0,23
0.1,0.88080689542505,0.8546837923806982,0.7590113165968899,0.009333333333333334,0.011,0.028,1.0,1.0,1.0,24
0.1,0.88080689542505,0.8350582488580286,0.7532055795735537,0.007,0.013,0.03233333333333333,1.0,1.0,1.0,25
0.1,0.88080689542505,0.8471480484146116,0.7652478254849675,0.011666666666666667,0.014333333333333333,0.027,1.0,1.0,1.0,26
0.1,0.88080689542505,0.8409652550994815,0.7545434328378728,0.011666666666666667,0.016666666666666666,0.033666666666666664,1.0,1.0,1.0,27
0.1,0.88080689542505,0.8905126049997111,0.7682396517326279,0.005,0.0033333333333333335,0.019333333333333334,1.0,1.0,1.0,28
0.1,0.88080689542505,0.8459535221109564,0.7562920944573527,0.005,0.008333333333333333,0.026333333333333334,1.0,1.0,1.0,29
0.15,0.88080689542505,1.9781557023196696,1.72195980961943,0.47333333333333333,0.007,0.021333333333333333,1.0,1.0,1.0,0
0.15,0.88080689542505,1.9332073821707199,1.7383014420803877,0.478,0.008333333333333333,0.021333333333333333,1.0,1.0,1.0,1
0.15,0.88080689542505,1.955598720847169,1.720613146845678,0.44766666666666666,0.007666666666666666,0.024333333333333332,1.0,0.9996666666666667,1.0,2
0.15,0.88080689542505,1.866592527768633,1.698714308271152,0.45066666666666666,0.011666666666666667,0.02666666666666667,1.0,1.0,1.0,3
0.15,0.88080689542505,1.8924654065802038,1.688790292500609,0.455,0.012333333333333333,0.030666666666666665,1.0,0.9993333333333333,0.9996666666666667,4
0.15,0.88080689542505,1.9525335871293559,1.7197129635732655,0.4623333333333333,0.009,0.028,1.0,1.0,1.0,5
0.15,0.88080689542505,1.8591118630518508,1.66719158447257,0.46366666666666667,0.013,0.030666666666666665,1.0,1.0,1.0,6
0.15,0.88080689542505,1.9342252414935701,1.7092596568193064,0.4543333333333333,0.008,0.023333333333333334,1.0,1.0,1.0,7
0.15,0.88080689542505,1.9195386364644371,1.7083466453697267,0.4713333333333333,0.010666666666666666,0.026,1.0,1.0,1.0,8
0.15,0.88080689542505,1.8891697922653232,1.7182051738325963,0.4683333333333333,0.012,0.021666666666666667,1.0,1.0,1.0,9
0.15,0.88080689542505,1.8033299559171176,1.6670724853434744,0.4716666666666667,0.015666666666666666,0.028,1.0,1.0,1.0,10
0.15,0.88080689542505,1.9547499337781495,1.7140534667100438,0.4666666666666667,0.010333333333333333,0.025,1.0,1.0,1.0,11
0.15,0.88080689542505,1.9166561540463267,1.7060779390447385,0.45566666666666666,0.007666666666666666,0.021,1.0,1.0,1.0,12
0.15,0.88080689542505,2.009693600558856,1.739814416015065,0.4776666666666667,0.007333333333333333,0.025666666666666667,1.0,1.0,1.0,13
0.15,0.88080689542505,1.8539136150849367,1.6886066234210433,0.461,0.011,0.022333333333333334,1.0,1.0,1.0,14
0.15,0.88080689542505,1.9759933927639797,1.7319514341299835,0.4786666666666667,0.008333333333333333,0.022333333333333334,1.0,1.0,1.0,15
0.15,0.88080689542505,1.9145898305245632,1.712746372716869,0.46066666666666667,0.009333333333333334,0.026,1.0,0.9996666666666667,0.9996666666666667,16
0.15,0.88080689542505,1.9259990043179693,1.6974325832191766,0.4653333333333333,0.008666666666666666,0.028,1.0,1.0,1.0,17
0.15,0.88080689542505,1.9471901049562625,1.696114228736676,0.468,0.010333333333333333,0.029666666666666668,1.0,0.9996666666666667,0.9996666666666667,18
0.15,0.88080689542505,1.8303060799500457,1.6913009342603147,0.4573333333333333,0.016666666666666666,0.028333333333333332,1.0,1.0,1.0,19
0.15,0.88080689542505,1.9591626358251975,1.6983200450519713,0.4776666666666667,0.009,0.029666666666666668,1.0,1.0,1.0,20
0.15,0.88080689542505,1.9163953121389785,1.7244155823830534,0.443,0.010666666666666666,0.023333333333333334,1.0,1.0,1.0,21
0.15,0.88080689542505,1.8663719252591178,1.6853807130852003,0.4693333333333333,0.017666666666666667,0.036,1.0,1.0,1.0,22
0.15,0.88080689542505,1.8985919314422661,1.6929307903742707,0.46066666666666667,0.010666666666666666,0.025333333333333333,1.0,1.0,1.0,23
0.15,0.88080689542505,1.896798540571425,1.714044361956256,0.45866666666666667,0.010333333333333333,0.021666666666666667,1.0,1.0,1.0,24
0.15,0.88080689542505,1.9315381259277977,1.7319216880226243,0.4686666666666667,0.009666666666666667,0.019666666666666666,1.0,1.0,1.0,25
0.15,0.88080689542505,1.9212319065639927,1.707069278661179,0.48633333333333334,0.007666666666666666,0.027333333333333334,1.0,1.0,1.0,26
0.15,0.88080689542505,2.0223616867708323,1.747254036573529,0.457,0.004333333333333333,0.019,1.0,1.0,1.0,27
0.15,0.88080689542505,1.941259346983836,1.722545621385926,0.464,0.009,0.025666666666666667,1.0,1.0,1.0,28
0.15,0.88080689542505,1.9429566821906106,1.7230095622873858,0.4553333333333333,0.008666666666666666,0.022333333333333334,1.0,1.0,1.0,29
0.2,0.88080689542505,3.469322617704552,3.0674454778889935,0.9036666666666666,0.006333333333333333,0.020666666666666667,1.0,0.9716666666666667,0.9896666666666667,0
0.2,0.88080689542505,3.4203777252612726,3.0260669897376253,0.904,0.012333333333333333,0.027,1.0,0.9713333333333334,0.987,1
0.2,0.88080689542505,3.389761504263531,3.026878679535811,0.9056666666666666,0.009666666666666667,0.024666666666666667,1.0,0.976,0.9906666666666667,2
0.2,0.88080689542505,3.4027164492702595,3.083680651418924,0.9036666666666666,0.01,0.02033333333333333,1.0,0.9713333333333334,0.985,3
0.2,0.88080689542505,3.5394082625188172,3.0820959250492583,0.8966666666666666,0.007666666666666666,0.024333333333333332,1.0,0.9676666666666667,0.9893333333333333,4
0.2,0.88080689542505,3.4722531979448155,3.055455642867205,0.9043333333333333,0.012666666666666666,0.031,1.0,0.968,0.9876666666666667,5
0.2,0.88080689542505,3.352567634161474,3.013024254477468,0.9043333333333333,0.008333333333333333,0.025666666666666667,1.0,0.9713333333333334,0.984,6
0.2,0.88080689542505,3.43198262644384,3.0441431232039875,0.8973333333333333,0.012,0.03166666666666667,1.0,0.973,0.988,7
0.2,0.88080689542505,3.533630024073282,3.1054879902068535,0.9053333333333333,0.007333333333333333,0.018666666666666668,1.0,0.9593333333333334,0.9826666666666667,8
0.2,0.88080689542505,3.3441984126525472,3.005700206440699,0.906,0.012,0.023333333333333334,1.0,0.9773333333333334,0.9906666666666667,9
0.2,0.88080689542505,3.5275626005171623,3.0680879361894418,0.907,0.006666666666666667,0.023,1.0,0.963,0.9876666666666667,10
0.2,0.88080689542505,3.2720856641729825,2.995897954515022,0.9043333333333333,0.017333333333333333,0.03,1.0,0.977,0.988,11
0.2,0.88080689542505,3.480395095740858,3.0765625471764038,0.888,0.007333333333333333,0.020666666666666667,1.0,0.9656666666666667,0.9886666666666667,12
0.2,0.88080689542505,3.559722737622986,3.0939402003503,0.901,0.007666666666666666,0.02266666666666667,1.0,0.9663333333333334,0.9863333333333333,13
0.2,0.88080689542505,3.4321288601563236,3.0664687488431457,0.902,0.011666666666666667,0.024,1.0,0.9666666666666667,0.9853333333333333,14
0.2,0.88080689542505,3.421195558646196,3.0726025737836835,0.898,0.01,0.024666666666666667,1.0,0.97,0.9866666666666667,15
0.2,0.88080689542505,3.3941322844308957,3.0099530313499656,0.9083333333333333,0.009666666666666667,0.026,1.0,0.975,0.987,16
0.2,0.88080689542505,3.359410705344235,3.0774099710046867,0.9033333333333333,0.010666666666666666,0.022333333333333334,1.0,0.978,0.9883333333333333,17
0.2,0.88080689542505,3.511611366324101,3.0653044700094134,0.9003333333333333,0.008666666666666666,0.021,1.0,0.9613333333333334,0.9876666666666667,18
0.2,0.88080689542505,3.3228751856598393,3.022464546417778,0.8956666666666667,0.012,0.02266666666666667,1.0,0.9736666666666667,0.9883333333333333,19
0.2,0.88080689542505,3.411464555480682,3.0126886727468367,0.916,0.010666666666666666,0.028333333333333332,1.0,0.977,0.9933333333333333,20
0.2,0.88080689542505,3.5148380858138926,3.0925626620091418,0.908,0.006333333333333333,0.019333333333333334,1.0,0.9676666666666667,0.986,21
0.2,0.88080689542505,3.3348513178788326,3.013760787577072,0.897,0.012666666666666666,0.027,1.0,0.9763333333333334,0.9906666666666667,22
0.2,0.88080689542505,3.409970606626752,3.0594835962879396,0.8986666666666666,0.012333333333333333,0.028333333333333332,1.0,0.971,0.9853333333333333,23
0.2,0.88080689542505,3.407786051723414,3.0381654326053518,0.8973333333333333,0.006666666666666667,0.02266666666666667,1.0,0.972,0.9903333333333333,24
0.2,0.88080689542505,3.4208584892178897,3.020495819444738,0.898,0.008,0.020666666666666667,1.0,0.9773333333333334,0.99,25
0.2,0.88080689542505,3.506991297444039,3.1440112861426703,0.905,0.012,0.019666666666666666,1.0,0.96,0.9826666666666667,26
0.2,0.88080689542505,3.3890137161833387,3.036768211258704,0.905,0.01,0.02666666666666667,1.0,0.9713333333333334,0.987,27
0.2,0.88080689542505,3.4766924781100217,3.035518844523591,0.899,0.008333333333333333,0.026333333333333334,1.0,0.968,0.9886666666666667,28
0.2,0.88080689542505,3.3930642784141645,3.036894102486749,0.8886666666666667,0.011666666666666667,0.028,1.0,0.9716666666666667,0.988,29
0.25,0.88080689542505,5.412866718033708,4.788031571093892,0.986,0.009666666666666667,0.027,1.0,0.773,0.8706666666666667,0
0.25,0.88080689542505,5.218736495875048,4.713251479259007,0.9863333333333333,0.008,0.021666666666666667,1.0,0.803,0.8753333333333333,1
0.25,0.88080689542505,5.512017360271511,4.708219990120768,0.9856666666666667,0.004666666666666667,0.02666666666666667,1.0,0.7563333333333333,0.8716666666666667,2
0.25,0.88080689542505,5.4297516930501395,4.744972131283253,0.9893333333333333,0.012333333333333333,0.029666666666666668,1.0,0.7703333333333333,0.8703333333333333,3
0.25,0.88080689542505,5.14104372315781,4.6768183625303,0.9876666666666667,0.013,0.026,1.0,0.8166666666666667,0.8756666666666667,4
0.25,0.88080689542505,5.206633745964219,4.654054069886623,0.9893333333333333,0.011333333333333334,0.031,1.0,0.8116666666666666,0.888,5
0.25,0.88080689542505,5.199707723468315,4.691305271869495,0.9883333333333333,0.01,0.028333333333333332,1.0,0.796,0.8733333333333333,6
0.25,0.88080689542505,5.339170437910824,4.720415561074438,0.9863333333333333,0.009,0.025,1.0,0.773,0.8683333333333333,7
0.25,0.88080689542505,5.298789465546831,4.7140715630523555,0.986,0.013333333333333334,0.03,1.0,0.7866666666666666,0.87,8
0.25,0.88080689542505,5.3277307691862195,4.714000479737285,0.9893333333333333,0.012333333333333333,0.025333333333333333,1.0,0.793,0.8826666666666667,9
0.25,0.88080689542505,5.325853585046822,4.697392771690776,0.9863333333333333,0.010666666666666666,0.025333333333333333,1.0,0.7806666666666666,0.8743333333333333,10
0.25,0.88080689542505,5.166696495125465,4.711160103617704,0.9883333333333333,0.011666666666666667,0.022333333333333334,1.0,0.8113333333333334,0.8793333333333333,11
0.25,0.88080689542505,5.322996642960961,4.80981105100766,0.9876666666666667,0.008333333333333333,0.020666666666666667,1.0,0.7726666666666666,0.8576666666666667,12
0.25,0.88080689542505,5.186661788622733,4.692528642201914,0.986,0.014333333333333333,0.034,1.0,0.8126666666666666,0.8766666666666667,13
0.25,0.88080689542505,5.366692346869902,4.751799525233713,0.989,0.010666666666666666,0.023666666666666666,1.0,0.7643333333333333,0.8653333333333333,14
0.25,0.88080689542505,5.253188266565725,4.746234097141233,0.9886666666666667,0.010333333333333333,0.029,1.0,0.797,0.8696666666666667,15
0.25,0.88080689542505,5.302586623591859,4.719942243555578,0.9843333333333333,0.009333333333333334,0.023333333333333334,1.0,0.78,0.8743333333333333,16
0.25,0.88080689542505,5.15751796481299,4.728952434765654,0.9883333333333333,0.011333333333333334,0.027,1.0,0.816,0.872,17
0.25,0.88080689542505,5.352160523868261,4.741655703773539,0.983,0.011333333333333334,0.027333333333333334,1.0,0.7736666666666666,0.8683333333333333,18
0.25,0.88080689542505,5.1781672292317875,4.72147036431242,0.989,0.014,0.025,1.0,0.7956666666666666,0.8673333333333333,19
0.25,0.88080689542505,5.259122991024799,4.722099866742131,0.985,0.011,0.029333333333333333,1.0,0.7883333333333333,0.8743333333333333,20
0.25,0.88080689542505,5.348214253948672,4.7902460041642065,0.99,0.011,0.023666666666666666,1.0,0.776,0.8576666666666667,21
0.25,0.88080689542505,5.346897043838407,4.736815327686314,0.9876666666666667,0.013,0.03666666666666667,1.0,0.783,0.8693333333333333,22
0.25,0.88080689542505,5.504265640001917,4.842052437842881,0.9853333333333333,0.008,0.022,1.0,0.755,0.856,23
0.25,0.88080689542505,5.408433948721765,4.794668735897899,0.985,0.008333333333333333,0.023333333333333334,1.0,0.773,0.867,24
0.25,0.88080689542505,5.417595347505185,4.768712633533501,0.9873333333333333,0.011333333333333334,0.022333333333333334,1.0,0.765,0.858,25
0.25,0.88080689542505,5.370942757815798,4.778661228500386,0.9903333333333333,0.008666666666666666,0.018,1.0,0.7693333333333333,0.867,26
0.25,0.88080689542505,5.148095120583458,4.733849220570248,0.987,0.011666666666666667,0.024,1.0,0.8216666666666667,0.8716666666666667,27
0.25,0.88080689542505,5.507207122393193,4.870232863821826,0.9856666666666667,0.006333333333333333,0.02,1.0,0.7523333333333333,0.8553333333333333,28
0.25,0.88080689542505,5.325382427067142,4.794639310474688,0.9866666666666667,0.006666666666666667,0.021666666666666667,1.0,0.7826666666666666,0.8616666666666667,29
0.3,0.88080689542505,7.717296552580191,6.79006173926123,0.9986666666666667,0.010666666666666666,0.024333333333333332,1.0,0.5276666666666666,0.6743333333333333,0
0.3,0.88080689542505,7.84477306067038,6.868392714557666,0.998,0.010666666666666666,0.026,1.0,0.487,0.6333333333333333,1
0.3,0.88080689542505,7.448640957856649,6.739892429522176,0.9983333333333333,0.014,0.028,1.0,0.5466666666666666,0.6576666666666666,2
0.3,0.88080689542505,7.577413921532165,6.815689198435569,0.9986666666666667,0.010666666666666666,0.023,1.0,0.5386666666666666,0.6596666666666666,3
0.3,0.88080689542505,7.900118707845256,6.93663824753442,0.998,0.008,0.027333333333333334,1.0,0.495,0.6416666666666667,4
0.3,0.88080689542505,7.5452331898396725,6.82378023915148,0.9973333333333333,0.010333333333333333,0.02266666666666667,1.0,0.5613333333333334,0.6746666666666666,5
0.3,0.88080689542505,7.443498282013252,6.758732531847548,0.9996666666666667,0.014666666666666666,0.027333333333333334,1.0,0.562,0.6716666666666666,6
0.3,0.88080689542505,7.636614125687443,6.770909469579956,0.9983333333333333,0.014,0.035666666666666666,1.0,0.5296666666666666,0.6743333333333333,7
0.3,0.88080689542505,7.521179132212653,6.867153213920739,0.998,0.011,0.025666666666666667,1.0,0.5263333333333333,0.6416666666666667,8
0.3,0.88080689542505,7.867905309190816,6.963502354165229,0.999,0.006,0.018,1.0,0.495,0.641,9
0.3,0.88080689542505,7.695728815221901,6.8204527622352735,0.999,0.010333333333333333,0.025666666666666667,1.0,0.5266666666666666,0.674,10
0.3,0.88080689542505,7.701637591089375,6.782844840154575,0.998,0.009666666666666667,0.02666666666666667,1.0,0.518,0.6626666666666666,11
0.3,0.88080689542505,7.571295239255009,6.806799732738268,0.9966666666666667,0.011666666666666667,0.028666666666666667,1.0,0.541,0.6596666666666666,12
0.3,0.88080689542505,7.796043457260063,6.978248761708235,0.9976666666666667,0.010666666666666666,0.021333333333333333,1.0,0.517,0.6446666666666667,13
0.3,0.88080689542505,7.731836931794852,6.825246337498065,0.9993333333333333,0.009666666666666667,0.027666666666666666,1.0,0.5176666666666667,0.6656666666666666,14
0.3,0.88080689542505,7.31541011886381,6.682453533098002,0.9986666666666667,0.016,0.03166666666666667,1.0,0.5986666666666667,0.7,15
0.3,0.88080689542505,7.805200515430692,6.902677810827144,0.9986666666666667,0.009,0.027666666666666666,1.0,0.503,0.6423333333333333,16
0.3,0.88080689542505,7.589524740125158,6.927833794133734,0.9973333333333333,0.014,0.027333333333333334,1.0,0.535,0.649,17
0.3,0.88080689542505,7.908594130012084,6.851493044800575,0.9983333333333333,0.005,0.025333333333333333,1.0,0.49,0.6643333333333333,18
0.3,0.88080689542505,7.701075883031832,6.9556204554208385,0.998,0.01,0.023666666666666666,1.0,0.516,0.634,19
0.3,0.88080689542505,7.7950091700570034,6.885704959762187,0.9996666666666667,0.009666666666666667,0.021666666666666667,1.0,0.51,0.6583333333333333,20
0.3,0.88080689542505,7.769034439505174,6.8638681054747135,0.999,0.010333333333333333,0.022,1.0,0.5183333333333333,0.6613333333333333,21
0.3,0.88080689542505,7.874506298932554,6.966224279580908,0.997,0.010333333333333333,0.024333333333333332,1.0,0.469,0.6186666666666667,22
0.3,0.88080689542505,8.000051578270877,6.9446043438560245,0.9973333333333333,0.007666666666666666,0.024666666666666667,1.0,0.48233333333333334,0.6463333333333333,23
0.3,0.88080689542505,7.751289680987199,6.874210754847706,0.9976666666666667,0.008,0.024666666666666667,1.0,0.5196666666666667,0.656,24
0.3,0.88080689542505,7.566405910491461,6.803951526280386,0.9983333333333333,0.010666666666666666,0.02266666666666667,1.0,0.5476666666666666,0.664,25
0.3,0.88080689542505,7.5804968041624665,6.842714634907491,0.9986666666666667,0.012666666666666666,0.02666666666666667,1.0,0.5373333333333333,0.6463333333333333,26
0.3,0.88080689542505,7.749800848913077,6.857239269759813,0.9976666666666667,0.007333333333333333,0.025,1.0,0.514,0.6506666666666666,27
0.3,0.88080689542505,7.659018402641811,6.84833327553825,0.998,0.010666666666666666,0.024333333333333332,1.0,0.5303333333333333,0.6553333333333333,28
0.3,0.88080689542505,7.850993868063483,6.900908989640753,0.998,0.012,0.027333333333333334,1.0,0.49366666666666664,0.6373333333333333,29
0.4,0.88080689542505,13.647081998548282,12.21559448991238,1.0,0.012666666666666666,0.02266666666666667,1.0,0.218,0.3263333333333333,0
0.4,0.88080689542505,13.739150427090555,12.156450981917294,1.0,0.011666666666666667,0.023,1.0,0.22566666666666665,0.351,1
0.4,0.88080689542505,13.39462737758466,11.94286643158997,0.9996666666666667,0.013666666666666667,0.03233333333333333,1.0,0.22966666666666666,0.3506666666666667,2
0.4,0.88080689542505,13.874629827193145,12.183871044730148,1.0,0.010333333333333333,0.027666666666666666,1.0,0.21,0.33666666666666667,3
0.4,0.88080689542505,13.755196577298577,12.182894898088193,1.0,0.009,0.026333333333333334,1.0,0.20033333333333334,0.33,4
0.4,0.88080689542505,13.633312377395455,12.138120961956957,1.0,0.01,0.027333333333333334,1.0,0.22066666666666668,0.338,5
0.4,0.88080689542505,13.425150418590015,12.092615201695892,1.0,0.008,0.024333333333333332,1.0,0.23966666666666667,0.353,6
0.4,0.88080689542505,13.82207737628165,12.255956663858672,1.0,0.011,0.024333333333333332,1.0,0.20866666666666667,0.31666666666666665,7
0.4,0.88080689542505,13.381298253897976,12.113159328610449,1.0,0.009666666666666667,0.02,1.0,0.235,0.329,8
0.4,0.88080689542505,13.252784355151018,11.981886595874624,1.0,0.015333333333333332,0.028333333333333332,1.0,0.25466666666666665,0.35633333333333334,9
0.4,0.88080689542505,13.82191953180428,12.382948870649425,1.0,0.011,0.023333333333333334,1.0,0.20633333333333334,0.32066666666666666,10
0.4,0.88080689542505,13.799822050443364,12.17529524629103,1.0,0.007,0.027,1.0,0.21833333333333332,0.341,11
0.4,0.88080689542505,13.787310880751336,12.094288618223246,1.0,0.009333333333333334,0.023,1.0,0.20766666666666667,0.3373333333333333,12
0.4,0.88080689542505,12.970921115546753,11.975302815024392,1.0,0.019,0.034,1.0,0.2796666666666667,0.35433333333333333,13
0.4,0.88080689542505,14.100302002923147,12.235661354924178,1.0,0.008,0.028,1.0,0.18166666666666667,0.328,14
0.4,0.88080689542505,13.367284397517418,12.169561234445549,1.0,0.011,0.02666666666666667,1.0,0.23933333333333334,0.32866666666666666,15
0.4,0.88080689542505,13.44489711843398,11.785448108072082,1.0,0.009,0.030666666666666665,1.0,0.23666666666666666,0.37066666666666664,16
0.4,0.88080689542505,13.461189138264542,12.176441255025768,1.0,0.008666666666666666,0.024,1.0,0.231,0.33166666666666667,17
0.4,0.88080689542505,13.843361360956841,12.159860812426203,1.0,0.008333333333333333,0.027,1.0,0.19533333333333333,0.318,18
0.4,0.88080689542505,13.367023801671769,12.14326966711133,0.9996666666666667,0.013333333333333334,0.022,1.0,0.23266666666666666,0.32866666666666666,19
0.4,0.88080689542505,13.860568377858918,12.154208901204138,1.0,0.007666666666666666,0.027333333333333334,1.0,0.197,0.31466666666666665,20
0.4,0.88080689542505,13.436669084329171,12.16560781035767,1.0,0.011,0.026333333333333334,1.0,0.241,0.3496666666666667,21
0.4,0.88080689542505,14.097338078851815,12.352762614425007,1.0,0.009333333333333334,0.024666666666666667,1.0,0.183,0.31166666666666665,22
0.4,0.88080689542505,13.261420081261374,11.997546573991123,1.0,0.013,0.026333333333333334,1.0,0.23633333333333334,0.346,23
0.4,0.88080689542505,13.867557052340944,12.267002693115083,1.0,0.006333333333333333,0.02,1.0,0.21066666666666667,0.337,24
0.4,0.88080689542505,13.756404805940505,12.168739762431176,1.0,0.009666666666666667,0.025666666666666667,1.0,0.21666666666666667,0.339,25
0.4,0.88080689542505,13.303535778391126,12.150411435479322,0.9996666666666667,0.013666666666666667,0.026333333333333334,1.0,0.24133333333333334,0.33,26
0.4,0.88080689542505,14.90966422455371,12.46152011412,1.0,0.0036666666666666666,0.021,1.0,0.152,0.31066666666666665,27
0.4,0.88080689542505,13.927076004941364,12.286644517488448,1.0,0.007666666666666666,0.02,1.0,0.20066666666666666,0.3263333333333333,28
0.4,0.88080689542505,13.30190174878019,12.141865543326112,1.0,0.015,0.029666666666666668,1.0,0.24433333333333335,0.3403333333333333,29
0.5,0.88080689542505,20.390980423770923,18.784705770378185,1.0,0.013333333333333334,0.028,1.0,0.13633333333333333,0.198,0
0.5,0.88080689542505,21.070816109828126,19.051068998767697,1.0,0.009666666666666667,0.023333333333333334,1.0,0.123,0.18833333333333332,1
0.5,0.88080689542505,21.377975386015148,19.176411354480912,1.0,0.009333333333333334,0.022,1.0,0.098,0.16866666666666666,2
0.5,0.88080689542505,21.353673948418013,18.93654026289032,1.0,0.013666666666666667,0.024666666666666667,1.0,0.105,0.19266666666666668,3
0.5,0.88080689542505,21.575890321447307,19.1466738507265,1.0,0.007,0.028333333333333332,1.0,0.10433333333333333,0.17966666666666667,4
0.5,0.88080689542505,21.547524639291215,18.943532001273198,1.0,0.009,0.026,1.0,0.098,0.18133333333333335,5
0.5,0.88080689542505,21.666398472150934,19.21622523927995,1.0,0.010666666666666666,0.024666666666666667,1.0,0.10466666666666667,0.18233333333333332,6
0.5,0.88080689542505,21.404921195592486,18.90053056586767,1.0,0.009666666666666667,0.025333333333333333,1.0,0.097,0.16766666666666666,7
0.5,0.88080689542505,21.466846066730486,19.06404224241466,1.0,0.009,0.02666666666666667,1.0,0.10733333333333334,0.183,8
0.5,0.88080689542505,20.97053439032971,18.96666583196047,1.0,0.012666666666666666,0.024333333333333332,1.0,0.10933333333333334,0.18133333333333335,9
0.5,0.88080689542505,21.174706624108182,19.065327063014166,1.0,0.013666666666666667,0.028333333333333332,1.0,0.11866666666666667,0.18966666666666668,10
0.5,0.88080689542505,21.291625927274563,18.8634570899048,1.0,0.014,0.028666666666666667,1.0,0.10566666666666667,0.185,11
0.5,0.88080689542505,21.496397418914615,19.031885300699635,1.0,0.012333333333333333,0.028666666666666667,1.0,0.09533333333333334,0.17333333333333334,12
0.5,0.88080689542505,21.616205762070848,19.434138871078694,1.0,0.007,0.018666666666666668,1.0,0.10666666666666667,0.17933333333333334,13
0.5,0.88080689542505,21.50025880593159,18.906338574707384,1.0,0.008666666666666666,0.025333333333333333,1.0,0.106,0.18466666666666667,14
0.5,0.88080689542505,20.946178366347088,18.662912089965857,1.0,0.013666666666666667,0.033666666666666664,1.0,0.11966666666666667,0.20566666666666666,15
0.5,0.88080689542505,21.32485818526898,18.940105736469185,1.0,0.011333333333333334,0.028,1.0,0.10866666666666666,0.18733333333333332,16
0.5,0.88080689542505,21.460973225008058,19.155266933520227,1.0,0.008,0.024666666666666667,1.0,0.1,0.17266666666666666,17
0.5,0.88080689542505,21.137075825940233,18.84623330463987,1.0,0.014,0.026,1.0,0.11733333333333333,0.19233333333333333,18
0.5,0.88080689542505,21.053122636183893,18.64602752151832,1.0,0.011333333333333334,0.032,1.0,0.12066666666666667,0.20966666666666667,19
0.5,0.88080689542505,21.32518972187265,18.785391871791415,1.0,0.009,0.020666666666666667,1.0,0.10666666666666667,0.18766666666666668,20
0.5,0.88080689542505,21.138785173489598,19.00222215893953,1.0,0.012333333333333333,0.025,1.0,0.09533333333333334,0.17333333333333334,21
0.5,0.88080689542505,20.613978303327233,18.84788106699643,1.0,0.014333333333333333,0.025666666666666667,1.0,0.131,0.203,22
0.5,0.88080689542505,21.603879316716572,18.905420681000237,1.0,0.008333333333333333,0.023666666666666666,1.0,0.09533333333333334,0.175,23
0.5,0.88080689542505,21.969802314020907,19.25763034484107,1.0,0.008333333333333333,0.024333333333333332,1.0,0.08966666666666667,0.17333333333333334,24
0.5,0.88080689542505,20.89150329845915,18.92383236678962,1.0,0.011666666666666667,0.02666666666666667,1.0,0.11933333333333333,0.18833333333333332,25
0.5,0.88080689542505,21.570610474625475,19.32995848106524,1.0,0.009666666666666667,0.02,1.0,0.10366666666666667,0.16866666666666666,26
0.5,0.88080689542505,22.08342524446299,19.288729103527068,1.0,0.006666666666666667,0.025,1.0,0.086,0.162,27
0.5,0.88080689542505,22.703011219390355,19.272964628011415,1.0,0.006666666666666667,0.023666666666666666,1.0,0.073,0.17366666666666666,28
0.5,0.88080689542505,21.32381099088135,19.16104104634083,1.0,0.008333333333333333,0.026,1.0,0.11566666666666667,0.18366666666666667,29
