graph_type,num_sensors,noise,amplitude,num_edges_mean,num_edges_ci95,mean_degree_mean,mean_degree_ci95,actual_anomaly_degree_mean,actual_anomaly_degree_ci95,trace_L_mean,trace_L_ci95,trace_L2_mean,trace_L2_ci95,lambda_2_mean,lambda_2_ci95,lambda_max_mean,lambda_max_ci95,tau_mean,tau_ci95,pfa_mean,pfa_ci95,gesnr_mean,gesnr_ci95,observed_pd_mean,observed_pd_ci95,predicted_pd_mean,predicted_pd_ci95,residual_mean,residual_ci95
barabasi_albert,15,0.15,0.75,26.0,0.0,3.4666666666666672,1.6163198016761878e-16,3.471744444444445,0.016201221714912985,52.0,0.0,294.8666666666667,7.036657182676544,0.8965255925693127,0.051542619690463816,9.89153302597567,0.42538406356199965,2.8858509794126634,0.04533094806057358,0.010388888888888888,0.0008317837137413163,3.5746315675098796,0.04305413911595802,0.45083333333333336,0.02233878111173727,0.629218326225639,0.007146958131946989,-0.17838499289230578,0.016430248452132493
barabasi_albert,15,0.15,1.25,26.0,0.0,3.4666666666666672,1.6163198016761878e-16,3.460777777777778,0.016280058608137016,52.0,0.0,290.73333333333335,7.13833360465459,0.8749548102625984,0.05501852243835348,9.759941071871253,0.4631565301768895,2.864912035112827,0.034582972858103106,0.010366666666666665,0.0008430715235789499,9.999996229157823,0.11872309593481369,0.9563,0.007806972770974885,0.9593331959283885,0.001231493007989507,-0.0030331959283885768,0.007095936167881116
barabasi_albert,15,0.15,1.75,26.0,0.0,3.4666666666666672,1.6163198016761878e-16,3.4575444444444443,0.011895950393015529,52.0,0.0,293.53333333333336,6.991329864341308,0.8617601314832175,0.03786036421950121,10.034791292202007,0.45926083395698053,2.877378149304398,0.033530992514564,0.010588888888888889,0.0007092752211189366,19.504298488634742,0.22368859676960917,0.9993555555555554,0.00048115481914137774,0.9923972688464145,0.00023165329149099357,0.006958286709140981,0.0004969027114097319
barabasi_albert,15,0.15,2.5,26.0,0.0,3.4666666666666672,1.6163198016761878e-16,3.4643888888888887,0.01563939831649547,52.0,0.0,297.8,9.181391555562355,0.8796040565636866,0.033026840269450505,10.267342703007195,0.5248792825459727,2.885261333612267,0.049824089782628124,0.011022222222222221,0.000870885794615267,39.555763791969895,0.5673791625567877,1.0,0.0,0.9987449690286117,5.016978042298096e-05,0.0012550309713884303,5.016978042298096e-05
barabasi_albert,15,0.25,0.75,26.0,0.0,3.4666666666666672,1.6163198016761878e-16,3.4680777777777774,0.013014094611916004,52.0,0.0,291.06666666666666,6.1701695226871465,0.862486462088983,0.04531967577392315,9.80831970419192,0.3872524088690372,7.974899426187841,0.09360636199745812,0.01008888888888889,0.0007710856312108631,1.2947278927282648,0.013341678470078614,0.12295555555555557,0.004408558574327668,0.11220359776244951,0.002604214515895719,0.010751957793106077,0.003839628873332544
barabasi_albert,15,0.25,1.25,26.0,0.0,3.4666666666666672,1.6163198016761878e-16,3.4705999999999997,0.012524506884703319,52.0,0.0,290.0,5.460251688864454,0.8817223421685856,0.043390599642445814,9.757925950990138,0.40112536332895427,7.938199285391497,0.09934253128175125,0.010311111111111111,0.0011158596950732534,3.6021878897283255,0.03339733964821763,0.46107777777777775,0.015295895320761279,0.6340079747318339,0.005549991273527877,-0.17293019695405612,0.011249076523615382
barabasi_albert,15,0.25,1.75,26.0,0.0,3.4666666666666672,1.6163198016761878e-16,3.4635666666666665,0.013067423234802101,52.0,0.0,293.1333333333333,7.879737607705191,0.8201575595556505,0.041241976451908656,9.811214328099792,0.4592865406187915,8.013858517963913,0.10877197507069594,0.010044444444444444,0.0008226797277435413,7.029835529554721,0.09418052452766545,0.8148444444444445,0.018738222890159868,0.9053132371472857,0.002948896492203885,-0.09046879270284118,0.01614980487757552
barabasi_albert,15,0.25,2.5,26.0,0.0,3.4666666666666672,1.6163198016761878e-16,3.467633333333333,0.011345394841175464,52.0,0.0,294.4,7.140601372015034,0.8929602206928907,0.04945802050599113,9.874521113827027,0.4193304160684318,8.020597283098331,0.12491784211706766,0.010755555555555555,0.001049237282226782,14.309255863147358,0.16642355060307823,0.9926999999999998,0.00367442296874716,0.9833473043120041,0.0005123064610066991,0.009352695687995882,0.00343137723404858
barabasi_albert,15,0.35,0.75,26.0,0.0,3.4666666666666672,1.6163198016761878e-16,3.462222222222222,0.012257232926413108,52.0,0.0,294.4,7.9549549309862835,0.8694915422308216,0.04738864693074157,10.082216686910352,0.5096959820338812,15.566091616493095,0.2466711859981519,0.010588888888888889,0.0008356676414590278,0.6573086922880721,0.008502290909117211,0.052866666666666666,0.002807140728613843,0.021815590171581013,0.0006925586038908306,0.031051076495085657,0.0027404208721520024
barabasi_albert,15,0.35,1.25,26.0,0.0,3.4666666666666672,1.6163198016761878e-16,3.4692333333333334,0.016404374149873627,52.0,0.0,295.6,6.511850657724404,0.8886503284811819,0.037353344439678235,10.055391524259418,0.421550499089,15.637149571343368,0.21531733985648838,0.011011111111111112,0.0007758746678509722,1.8210590550490493,0.02002757892871783,0.19726666666666665,0.009207687640405134,0.2322795811046701,0.005017447109152219,-0.03501291443800345,0.0061218188310918215
barabasi_albert,15,0.35,1.75,26.0,0.0,3.4666666666666672,1.6163198016761878e-16,3.473111111111111,0.012266355790385765,52.0,0.0,289.4,7.553493666821509,0.8880239310532674,0.03734180543634433,9.793789914057083,0.4539642392569054,15.647077606643041,0.20334141031225983,0.01008888888888889,0.0009339524893953922,3.608770728189684,0.043773439997130376,0.46317777777777774,0.01866008654393544,0.6348537633433163,0.007477967695202395,-0.17167598556553856,0.01266928324754928
barabasi_albert,15,0.35,2.5,26.0,0.0,3.4666666666666672,1.6163198016761878e-16,3.4683888888888887,0.012641157650777432,52.0,0.0,287.3333333333333,6.424285341233987,0.8580826767693271,0.05369474030036679,9.41268795831097,0.398879252708281,15.58708103033529,0.23569742723538567,0.010655555555555555,0.001090757171175527,7.38835421385425,0.08079889662450024,0.8498333333333333,0.015909390237425578,0.9158109479554881,0.002208482500980788,-0.0659776146221548,0.013930517391760776
barabasi_albert,30,0.15,0.75,56.0,0.0,3.7333333333333334,0.0,3.737555555555556,0.01606643502903986,112.0,0.0,749.2666666666667,20.747358845528606,0.7339443430765884,0.030377800555844464,14.420189945614103,0.7892193630874752,5.1722489443283575,0.08026390501105568,0.00912222222222222,0.0009698006501230755,2.416096091120059,0.03246680165553207,0.2805555555555556,0.016982054389056762,0.3840068796438199,0.008152205419501457,-0.10345132408826445,0.010124341777520475
barabasi_albert,30,0.15,1.25,56.0,0.0,3.7333333333333334,0.0,3.725166666666667,0.016745917738945806,112.0,0.0,747.1333333333333,18.42546990141968,0.750098049482974,0.029339494218612,14.280867232550694,0.7253277262791834,5.149390055363228,0.0673958478470405,0.010511111111111108,0.0009769831811388475,6.718302594644555,0.08209893979184871,0.8022333333333334,0.01862691279892891,0.894974267217193,0.002966167947778165,-0.09274093388385961,0.01621423099888396
barabasi_albert,30,0.15,1.75,56.0,0.0,3.7333333333333334,0.0,3.742388888888889,0.023397778686051886,112.0,0.0,742.4666666666667,18.74102078779548,0.7556545683828748,0.02910415192045575,14.100568105830341,0.6471224188068392,5.091956577646902,0.061305561934417344,0.010411111111111114,0.0007810427410222398,13.210340179675692,0.1655494873457702,0.9965666666666667,0.0020167883019585873,0.9796319131338788,0.0006454411477114416,0.016934753532787953,0.0016928893765353087
barabasi_albert,30,0.15,2.5,56.0,0.0,3.7333333333333334,0.0,3.7335444444444446,0.015708556807649137,112.0,0.0,753.0,20.319213578772434,0.7597006672128129,0.026133769863804283,14.464623946471324,0.7616470618577962,5.201346895265959,0.07479288769496126,0.009644444444444443,0.0009286844116725608,26.77695011939802,0.3554344105536779,1.0,0.0,0.9966036661275834,0.00011726088718379347,0.0033963338724165163,0.00011726088718379347
barabasi_albert,30,0.25,0.75,56.0,0.0,3.7333333333333334,0.0,3.736644444444444,0.019867936053800057,112.0,0.0,735.0666666666667,22.273205586783217,0.743486286457104,0.030173513112761608,13.952681843629716,0.8807590014472261,14.108845768520526,0.20203259791690018,0.010655555555555555,0.0007777694099166721,0.8783597759956877,0.012124536321009571,0.07761111111111112,0.0037808669677299343,0.044762903765097214,0.001462930466562787,0.03284820734601388,0.0032468749685327443
barabasi_albert,30,0.25,1.25,56.0,0.0,3.7333333333333334,0.0,3.736166666666667,0.015945246143754893,112.0,0.0,738.2666666666667,16.784156616226138,0.727603556733784,0.03079352697529218,13.712713100738574,0.7053742690292865,14.164341540029957,0.13814552131274532,0.010033333333333335,0.0010419249990780064,2.432377330200912,0.02688869119160942,0.292,0.010814500232307775,0.3881294167496821,0.0067403850423590735,-0.0961294167496821,0.006934940149765468
barabasi_albert,30,0.25,1.75,56.0,0.0,3.7333333333333334,0.0,3.732988888888889,0.018301658578143712,112.0,0.0,767.1333333333333,15.997464021247588,0.7328196977783215,0.034226813072485957,15.02418008868468,0.6006684591514961,14.386128330027857,0.12986086469870242,0.011233333333333335,0.0008024015422427937,4.6759354420141275,0.04812756682526165,0.582388888888889,0.017060276750178405,0.7714423098408163,0.0046865816415351015,-0.18905342095192731,0.013437434545751288
barabasi_albert,30,0.25,2.5,56.0,0.0,3.7333333333333334,0.0,3.7310888888888893,0.014403167736342204,112.0,0.0,741.2,17.152500507365463,0.7549701942457198,0.025966231254916074,13.963763544079859,0.648613173692381,14.236161201431154,0.1668748741161617,0.009899999999999997,0.0009403482738419298,9.710591214597184,0.10839917582390586,0.9621666666666666,0.006093948031068531,0.95631892693399,0.0012428177630341578,0.0058477397326765716,0.005079032531049014
barabasi_albert,30,0.35,0.75,56.0,0.0,3.7333333333333334,0.0,3.739088888888888,0.024425174107667442,112.0,0.0,744.8,23.087680420916925,0.7382514800877227,0.030610457742673316,14.048499610096696,0.7473145239826374,27.933909572836292,0.3570215332416364,0.01048888888888889,0.0008003097059092177,0.4453334643031452,0.006676831619170552,0.032999999999999995,0.0018243917931930749,0.008169743246881179,0.00030648359247850324,0.024830256753118823,0.0018114499370843829
barabasi_albert,30,0.35,1.25,56.0,0.0,3.7333333333333334,0.0,3.7298555555555555,0.016557345357443416,112.0,0.0,771.4,27.20998306318566,0.7364169437164562,0.03416215111657775,15.186094954579527,0.9681203290027593,28.39212961195451,0.49630012855014793,0.010377777777777776,0.0009648554803254246,1.216354268401745,0.020273580693445224,0.11504444444444445,0.007094301513545328,0.09739848401947188,0.003679389990284652,0.017645960424972542,0.00478898271999006
barabasi_albert,30,0.35,1.75,56.0,0.0,3.7333333333333334,0.0,3.7329999999999997,0.017133164917102404,112.0,0.0,758.0,22.46135505272551,0.7539397304392655,0.03601447741422783,14.885178555151713,0.7107765471344298,28.177948429745502,0.39224682799289573,0.01037777777777778,0.0008148899702945638,2.4029094165372897,0.034763265475262956,0.27977777777777774,0.015768747782373062,0.38067830150539034,0.008740789314014405,-0.1009005237276126,0.008507965718371938
barabasi_albert,30,0.35,2.5,56.0,0.0,3.7333333333333334,0.0,3.743844444444444,0.016619545916044552,112.0,0.0,747.3333333333334,17.80502290833358,0.7501645164792996,0.03524623532134206,14.45614632009893,0.6836543971627569,27.996571678586402,0.34449441771100836,0.009633333333333334,0.0008407404994907974,4.934555207712861,0.05742025932172612,0.6188777777777777,0.01959435406975216,0.7946949191733134,0.004952150293850039,-0.17581714139553564,0.015242055489328004
barabasi_albert,60,0.15,0.75,116.0,0.0,3.8666666666666654,4.848959405028563e-16,3.8603888888888886,0.0183887533742735,232.0,0.0,1771.7333333333333,51.12358489159952,0.6368959483967189,0.015013474505824992,20.605024215131685,1.5390274945071283,9.127825109327937,0.12192769756206981,0.010066666666666666,0.0009373434159570647,1.627659510109627,0.023033808128423195,0.1730777777777778,0.011558972722271226,0.18509088940287877,0.005439485794701,-0.012013111625100992,0.007132020038221333
barabasi_albert,60,0.15,1.25,116.0,0.0,3.8666666666666654,4.848959405028563e-16,3.863066666666667,0.0241619932394387,232.0,0.0,1774.8666666666666,47.34453517052849,0.6473878055195775,0.0187824619668739,20.354012829546438,1.287813172222746,9.125057634962937,0.1130915327084052,0.009688888888888888,0.0009386684807831068,4.51559102159912,0.05800105030812405,0.571911111111111,0.0210905219116692,0.755069665397049,0.006249583690070056,-0.18315855428593789,0.015700390457713372
barabasi_albert,60,0.15,1.75,116.0,0.0,3.8666666666666654,4.848959405028563e-16,3.868477777777778,0.020567550200495277,232.0,0.0,1760.5333333333333,40.99668955441959,0.6684060560495684,0.02095039743603985,19.313493989098745,0.9275211126791052,9.048492895143744,0.08070022880999485,0.01046666666666667,0.0008857814496254922,8.882533052357536,0.1002528540957422,0.9494444444444446,0.006354974353834047,0.945726924366415,0.0015345057881781911,0.0037175200780294126,0.005198956639170611
barabasi_albert,60,0.15,2.5,116.0,0.0,3.8666666666666654,4.848959405028563e-16,3.874022222222222,0.020208369682746984,232.0,0.0,1768.3333333333333,59.15192208443886,0.6593819334681986,0.02228698051058427,19.899741390907447,1.2706243431633586,9.112649871007237,0.10645604310184455,0.0098,0.0010500163302263532,18.116273164733038,0.29465245801991163,0.9999444444444445,7.726111923155747e-05,0.9907879817508541,0.00039294048978284676,0.009156462693590273,0.00038970056772472496
barabasi_albert,60,0.25,0.75,116.0,0.0,3.8666666666666654,4.848959405028563e-16,3.8642444444444446,0.021734786561980513,232.0,0.0,1776.8,47.3359228328421,0.6405952236157041,0.017267004776565193,20.145571249592425,1.2873270137705943,25.231401853769285,0.26872197818110266,0.011222222222222222,0.001105878190855481,0.5849084627962883,0.007559525871996968,0.04774444444444444,0.0027565379796105354,0.016272532417809175,0.0005226078241267098,0.03147191202663526,0.002606803116434828
barabasi_albert,60,0.25,1.25,116.0,0.0,3.8666666666666654,4.848959405028563e-16,3.858144444444444,0.017907994332699812,232.0,0.0,1747.5333333333333,59.1455317843507,0.6470431217227066,0.016047753893690023,19.09115415027384,1.1470085443561362,25.211725995188736,0.2964802602636877,0.010688888888888888,0.0009153815852271717,1.640104208318776,0.02628636847074627,0.1789666666666667,0.008388964577466778,0.1881024281752941,0.006194806903052938,-0.009135761508627438,0.00493121240307252
barabasi_albert,60,0.25,1.75,116.0,0.0,3.8666666666666654,4.848959405028563e-16,3.8734444444444445,0.02128884512909539,232.0,0.0,1772.7333333333333,55.967180068431716,0.6415651244248028,0.024845605852179653,19.709316278390727,1.5038228177592314,25.193429036733825,0.28704203502784814,0.010377777777777776,0.0010458651265437583,3.1899734809407394,0.045526061701963876,0.39682222222222224,0.017193644371905834,0.559000526474716,0.00933051282579833,-0.1621783042524939,0.010555759780988754
barabasi_albert,60,0.25,2.5,116.0,0.0,3.8666666666666654,4.848959405028563e-16,3.867222222222222,0.02443460107489439,232.0,0.0,1804.2666666666667,60.45428873092202,0.6499971037113471,0.02077191047894011,20.72473881947889,1.5447824916780628,25.337115726813423,0.3476551286989191,0.010622222222222222,0.001068145092929207,6.456308182276439,0.10370840412322507,0.7884888888888889,0.023154335000519978,0.8846777773844343,0.004366484185843436,-0.09618888849554548,0.019388792770959985
barabasi_albert,60,0.35,0.75,116.0,0.0,3.8666666666666654,4.848959405028563e-16,3.856011111111111,0.026091969442098264,232.0,0.0,1786.0,50.40870320768488,0.6679642636199588,0.023803225426353262,19.76376946374792,1.2249504071765853,49.54574018629483,0.6341895257874428,0.010633333333333331,0.0009737722938163431,0.29771178128050324,0.004005629626178361,0.02442222222222222,0.0018841716639120154,0.0029267392036665557,9.81294057404587e-05,0.021495483018555663,0.0018459774456529466
barabasi_albert,60,0.35,1.25,116.0,0.0,3.8666666666666654,4.848959405028563e-16,3.866722222222222,0.024537745772477176,232.0,0.0,1783.6,41.23787575384619,0.6557791981296732,0.022200185778578962,19.895773824128277,0.8790305282834787,49.89708757098846,0.5059769460174177,0.00961111111111111,0.0008498723115471171,0.8270223024648163,0.009618979728017762,0.071,0.0040414023336556885,0.03858761032149342,0.001110838194838091,0.03241238967850658,0.0035683887823262034
barabasi_albert,60,0.35,1.75,116.0,0.0,3.8666666666666654,4.848959405028563e-16,3.8546,0.019920083002591637,232.0,0.0,1822.0666666666666,40.285930412242884,0.6654021482402224,0.017287417507885233,20.753976313492284,1.1558640532811661,50.05473233753329,0.4552630788246032,0.009666666666666664,0.0009089630598594295,1.603460510887287,0.017156604302026923,0.1650777777777778,0.0068042694938106225,0.17930507162781256,0.004003220254937286,-0.014227293850034826,0.004861979279719234
barabasi_albert,60,0.35,2.5,116.0,0.0,3.8666666666666654,4.848959405028563e-16,3.8602333333333334,0.023133632558710492,232.0,0.0,1814.4666666666667,50.4138477868366,0.6603996108138535,0.022426078651025597,20.999885511252476,1.1670456159232387,50.052312099209296,0.527097597100409,0.009833333333333335,0.0007873409020499748,3.2818620997329107,0.04482506936269024,0.39474444444444445,0.016669742915283465,0.5768506204576727,0.008571669220358086,-0.18210617601322812,0.00935378794238444
erdos_renyi,15,0.15,0.75,31.4,1.5685631172743937,4.1866666666666665,0.20914174896991908,4.185155555555555,0.20956639212562214,62.8,3.1371262345487874,369.1333333333333,30.982445440215635,1.003179270080099,0.157765837977063,9.012702841965162,0.360752698853187,3.2401341801419052,0.1511022694097179,0.010488888888888888,0.0009437768711197692,3.867203991485266,0.03900801970407059,0.5797222222222221,0.013206872379247094,0.6749747510819947,0.005719420210233317,-0.09525252885977235,0.009269641985691086
erdos_renyi,15,0.15,1.25,30.833333333333332,1.4890880749704354,4.111111111111111,0.1985450766627247,4.124222222222222,0.2004211352776586,61.666666666666664,2.9781761499408708,355.53333333333336,30.07703792785137,0.8887914858006283,0.12965166586033403,8.695140308797368,0.32989722036249675,3.1706048034568726,0.14554419035825278,0.010744444444444447,0.0008015042520071405,10.761034913575068,0.10382086774993346,0.9552999999999999,0.012633092578100007,0.9661122161881885,0.0008353991322346718,-0.010812216188188417,0.01201474962087112
erdos_renyi,15,0.15,1.75,31.166666666666668,2.0846385796254547,4.155555555555555,0.27795181061672736,4.15851111111111,0.27807190010184624,62.333333333333336,4.1692771592509095,366.8,45.53216629931027,0.9917108593204412,0.1894048203693122,8.879528878060603,0.49459589483824656,3.18331583451652,0.19580445191667234,0.010788888888888888,0.0008638434377172674,21.102390191631834,0.21931040126862805,0.9972444444444445,0.001617086914082508,0.9937830821837987,0.0001643409898928671,0.0034613622606456764,0.0015696050507662935
erdos_renyi,15,0.15,2.5,30.766666666666666,1.5461164498925533,4.102222222222222,0.20614885998567378,4.099611111111111,0.20665240536045087,61.53333333333333,3.0922328997851065,356.26666666666665,30.58427867097334,0.9044381297841838,0.13102229166155727,8.799116745846849,0.38743758633808156,3.1677417471328124,0.1470180789228153,0.010633333333333333,0.0008739320225719092,42.90955964778069,0.42312264970040686,1.0,0.0,0.9989850053933993,2.689875400162744e-05,0.001014994606600735,2.689875400162744e-05
erdos_renyi,15,0.25,0.75,31.333333333333332,1.468935757797596,4.177777777777779,0.1958581010396795,4.186188888888888,0.1981294250886268,62.666666666666664,2.937871515595192,369.46666666666664,29.899903001162517,0.9411337579468383,0.1436514754118199,9.127502602846045,0.39469630990419485,8.955700328266035,0.37920924138154566,0.010233333333333334,0.0007545018977215296,1.39015833509245,0.012713204599196106,0.14672222222222223,0.004914430517745726,0.13163087937161613,0.002677650411199759,0.01509134285060613,0.004130586626852122
erdos_renyi,15,0.25,1.25,31.666666666666668,1.707999120658024,4.222222222222222,0.22773321608773653,4.224866666666666,0.2286641339936371,63.333333333333336,3.415998241316048,374.06666666666666,33.598580480870055,1.0942274679171304,0.18806939369176134,9.051954516974948,0.3508852552655936,9.126993642146257,0.4160635263161154,0.010044444444444446,0.000972957410916218,3.87922769602637,0.04470887463099339,0.5764222222222223,0.019125019566218978,0.6765888684063622,0.006516169081305577,-0.10016664618413988,0.013580740253590119
erdos_renyi,15,0.25,1.75,30.433333333333334,1.5230974892257632,4.057777777777778,0.20307966523010174,4.051011111111111,0.20380070206137266,60.86666666666667,3.0461949784515263,351.4,31.86128489735379,0.9017481043089591,0.14889040347575996,8.841179327100475,0.4040626829895901,8.786842693395009,0.41715548258772667,0.009655555555555556,0.0007091368619484051,7.544145577511528,0.0691417499003081,0.8858777777777777,0.015466795513842136,0.9199199423535745,0.0017692399340104026,-0.034042164575796466,0.014011692505456226
erdos_renyi,15,0.25,2.5,30.633333333333333,1.545545154227074,4.084444444444444,0.2060726872302765,4.0855,0.20373141133348485,61.266666666666666,3.091090308454148,350.93333333333334,29.278986913780294,0.9928365777838699,0.1634141422875585,8.883901898894399,0.34154925812085546,8.80914698109853,0.38331856537708414,0.010222222222222221,0.0010503589282935917,15.480646482972707,0.15697126847859907,0.9864777777777776,0.005453659909596119,0.986361787046482,0.00034815894005753344,0.00011599073129566021,0.005266249802188323
erdos_renyi,15,0.35,0.75,29.533333333333335,1.280726422223878,3.937777777777778,0.17076352296318376,3.9284999999999997,0.16855761249014542,59.06666666666667,2.561452844447756,327.4,23.032188059422353,0.8738839583133926,0.10643984911604436,8.347366695261178,0.26387881834051596,16.61009245154345,0.6033609157673813,0.009944444444444443,0.0010474354661593299,0.70910018137856,0.006392976596320767,0.0565111111111111,0.0035703190084433543,0.026337454983869944,0.0005832578745263086,0.030173656127241166,0.0033099558428756766
erdos_renyi,15,0.35,1.25,31.866666666666667,1.9706347500253982,4.24888888888889,0.26275130000338637,4.242077777777777,0.26058940195725083,63.733333333333334,3.9412695000507965,375.46666666666664,39.12374867370872,1.1057117686081754,0.18363004724262352,8.788018197751542,0.4360084114907541,17.749348178255566,1.016644112074716,0.010166666666666666,0.000817304731581584,1.992462223376738,0.022371494751173122,0.24989999999999998,0.006716343076924201,0.2758063715356849,0.005726404901812818,-0.025906371535684813,0.005949526589484401
erdos_renyi,15,0.35,1.75,31.466666666666665,1.4821031758129355,4.195555555555556,0.19761375677505807,4.186022222222221,0.19831278685646406,62.93333333333333,2.964206351625871,369.2,31.019431175261445,1.0305651292593976,0.1594008103153293,8.965355569715543,0.32902917668119963,17.64659853529607,0.8592449337246953,0.011444444444444443,0.0009872739838132658,3.8802864342476924,0.028887801774660625,0.581511111111111,0.010383010520905024,0.6770550903150484,0.004180640274577404,-0.09554397920393728,0.009973526929283737
erdos_renyi,15,0.35,2.5,31.033333333333335,1.8993220649782936,4.137777777777779,0.2532429419971059,4.1409111111111105,0.2593027941075904,62.06666666666667,3.798644129956587,362.46666666666664,42.75912929807508,0.9105126602800188,0.11449424342168321,8.901987910940184,0.3605181574408235,17.465482613609197,0.876022007162921,0.010311111111111111,0.0009196594257356371,7.901355089345567,0.08337244387723362,0.9009111111111111,0.01567915306354662,0.9281648082406535,0.0018445262250344795,-0.027253697129542242,0.014034585767143578
erdos_renyi,30,0.15,0.75,61.93333333333333,2.2474195130044032,4.128888888888889,0.1498279675336269,4.132066666666666,0.15039659607490122,123.86666666666666,4.4948390260088065,733.4,45.875166731758775,0.6101800121714476,0.08664542817636227,10.118131669695513,0.3341075751394947,5.244080518734919,0.18046096782796134,0.009833333333333336,0.0008450478384668961,2.701775094849881,0.020193956517361927,0.4093333333333333,0.008363229866092609,0.4536028503401298,0.004730456970065126,-0.044269517006796474,0.007298884692637492
erdos_renyi,30,0.15,1.25,61.5,2.1300380440183497,4.1,0.14200253626788997,4.100944444444445,0.14111212196566764,123.0,4.2600760880366995,730.0,44.48017332307255,0.5885803087138246,0.06790227431448069,10.19066568871632,0.35025204704557117,5.204136904753307,0.17452115612946514,0.010266666666666665,0.0007877458407243697,7.471881059284284,0.05244465022612001,0.891511111111111,0.010840769323872656,0.91816779049796,0.0013643103488399405,-0.026656679386848948,0.009879541294903572
erdos_renyi,30,0.15,1.75,61.766666666666666,2.217254537896755,4.1177777777777775,0.14781696919311704,4.107200000000001,0.14869632402924754,123.53333333333333,4.43450907579351,723.9333333333333,44.882778447129354,0.6148511556469181,0.06761555630205003,9.916889117165455,0.2554134698966255,5.203027739131078,0.16784717524641035,0.010277777777777778,0.0009650334377485343,14.761810203579365,0.10313569361961859,0.9835888888888887,0.0035493631142524216,0.9846504719649442,0.00027114996923744685,-0.0010615830760552281,0.003470626920025671
erdos_renyi,30,0.15,2.5,62.7,2.8967267456700956,4.18,0.19311511637800632,4.172666666666666,0.1895722866393194,125.4,5.793453491340191,755.1333333333333,61.747579441102374,0.5808735302060849,0.08840349453805808,9.937664464628638,0.43732279007451275,5.320585626532816,0.2308666535290983,0.010211111111111112,0.0010001848071036696,30.024018957571855,0.24054789574079036,0.9999666666666667,3.639628628269815e-05,0.9974742188020964,5.2071749657638595e-05,0.002492447864570272,6.0957134129386945e-05
erdos_renyi,30,0.25,0.75,63.46666666666667,2.5351144857656225,4.231111111111112,0.16900763238437486,4.2334000000000005,0.17021924632521698,126.93333333333334,5.070228971531245,768.2666666666667,52.602639256659764,0.6000931373540545,0.0639668210222477,10.419620432240386,0.38880815708882716,14.866447943662973,0.5880579994572374,0.009966666666666667,0.0011356531317968075,0.9744934918308243,0.0076030944947074386,0.09175555555555556,0.003985651349244588,0.05752347876241421,0.0010765947064284168,0.03423207679314136,0.0038787552983746763
erdos_renyi,30,0.25,1.25,61.96666666666667,2.210872596927906,4.13111111111111,0.1473915064618604,4.130755555555555,0.14899646947079662,123.93333333333334,4.421745193855812,738.4666666666667,46.35261356500314,0.6032201523619602,0.05650628838297725,10.305661273038599,0.4343180169993937,14.637439307000614,0.47835189056265687,0.009655555555555558,0.000805655991624967,2.6953427492362936,0.021983843105865715,0.4034888888888889,0.010736309636762184,0.4520736165365309,0.005188749454348781,-0.04858472764764206,0.00847805940387992
erdos_renyi,30,0.25,1.75,61.2,2.1825636302293683,4.08,0.14550424201529127,4.090044444444445,0.1474338597343289,122.4,4.365127260458737,713.7333333333333,43.68150133975501,0.5858921652171699,0.08573564871757125,9.864594535379114,0.3675441285516284,14.33033599784903,0.5102908063592538,0.010344444444444444,0.0009038117059596621,5.305119833395283,0.04085429708223882,0.7877222222222221,0.014835096766618193,0.8235642715280458,0.0028796335231560267,-0.035842049305823576,0.012473821574517832
erdos_renyi,30,0.25,2.5,61.03333333333333,2.539899886403043,4.068888888888889,0.1693266590935362,4.0754,0.16878507421726818,122.06666666666666,5.079799772806086,718.9333333333333,50.78979131502465,0.6330894938479206,0.07904268399442763,10.132714250271404,0.45830695828678136,14.437231464477,0.5323875136269688,0.009500000000000001,0.00082626012744898,10.767748778703664,0.09625805685865725,0.9555,0.00853814262824356,0.9661807888277288,0.0007527455458360697,-0.010680788827729012,0.00793274450832304
erdos_renyi,30,0.35,0.75,61.833333333333336,2.1057138104075293,4.122222222222222,0.1403809206938353,4.124722222222222,0.14123622226224464,123.66666666666667,4.2114276208150585,739.4,45.163533600288275,0.6237902276450232,0.05455964752485748,10.368751025508372,0.3602483517773202,28.514250451247793,0.8954868764652069,0.010488888888888888,0.0008814134088357383,0.4935149370511842,0.0035998157979886696,0.036155555555555566,0.002207182029002781,0.0105757744975372,0.00019519332459615394,0.025579781058018353,0.0021416195252538257
erdos_renyi,30,0.35,1.25,62.4,2.57120292970958,4.16,0.1714135286473053,4.161211111111111,0.17298445351474942,124.8,5.14240585941916,745.0666666666667,51.76459035351708,0.63361313092093,0.09346404220213571,10.20142310158068,0.44018738924692774,28.700790748307437,1.172327281356873,0.010122222222222225,0.0009967451465575524,1.3790551059890335,0.01217806131248787,0.1523777777777778,0.0069007157822478715,0.1292966557029034,0.0025525216892607703,0.023081122074874384,0.007189408269080807
erdos_renyi,30,0.35,1.75,62.36666666666667,2.767846572940956,4.157777777777778,0.1845231048627304,4.153411111111111,0.1838367088213518,124.73333333333333,5.535693145881912,745.0,56.67631445118952,0.6034578534524536,0.10524640711667418,10.02112513547806,0.38251605526951443,28.84376733517122,1.2065105616122844,0.009255555555555557,0.0010095591508239353,2.7027373732299993,0.023254719898050547,0.40675555555555554,0.011629946458789588,0.45379644352393966,0.00546884174884699,-0.04704088796838412,0.009873522044333585
erdos_renyi,30,0.35,2.5,61.733333333333334,1.9326241426175843,4.115555555555556,0.12884160950783896,4.1025888888888895,0.12816954375646966,123.46666666666667,3.8652482852351686,724.6666666666666,38.25240261204347,0.5705876058587711,0.05921376172813085,9.951907523410211,0.2980596605856318,28.461514357112605,0.7780159113774768,0.009755555555555554,0.0009381456524544801,5.525520989283235,0.03934135996442025,0.7972666666666667,0.013333697227218206,0.838227440168965,0.002507797787806414,-0.04096077350229831,0.011145040379525193
erdos_renyi,60,0.15,0.75,123.53333333333333,3.242789055464069,4.117777777777778,0.10809296851546896,4.115955555555555,0.1081111018125082,247.06666666666666,6.485578110928138,1479.6666666666667,66.30149636724951,0.43539233547656697,0.05084176987849202,11.19841575625504,0.30959777032127456,8.85315751575886,0.22056545500052072,0.010744444444444444,0.0009839637168098715,1.8946888632345822,0.012182067325109259,0.27271111111111107,0.007724422577556358,0.2508089692189218,0.0030873438908034837,0.02190214189218935,0.007020526083398454
erdos_renyi,60,0.15,1.25,127.9,3.1650821056699594,4.263333333333333,0.10550273685566533,4.2579777777777785,0.10114962854636955,255.8,6.330164211339919,1558.1333333333334,67.44483149634878,0.47914278355370293,0.056543268134636726,11.333530051077462,0.4228851007457921,9.137178797710101,0.21633128630930606,0.010755555555555555,0.0009454389391013987,5.310546932863186,0.026225385899358702,0.8130000000000001,0.010587550229977002,0.8240752058133631,0.0018336544367503443,-0.011075205813363147,0.009040838909715493
erdos_renyi,60,0.15,1.75,123.9,3.691846673694476,4.13,0.12306155578981587,4.137644444444444,0.1267265863726459,247.8,7.383693347388952,1481.0,75.99390017868417,0.4510711101381376,0.0403905072670498,10.918501725359581,0.3317709280554259,8.883038745243079,0.2439136734796572,0.010111111111111109,0.0010319811364484942,10.34626957221797,0.05513843382735811,0.9608888888888887,0.006056685295157797,0.9627366700395714,0.0004928098936061694,-0.0018477811506823262,0.00582192811534761
erdos_renyi,60,0.15,2.5,121.5,3.552135831512815,4.05,0.11840452771709385,4.053177777777778,0.11985565437118165,243.0,7.10427166302563,1432.9333333333334,70.16608272386496,0.46931934659843133,0.04909593700737932,10.929903733146357,0.3175980785260052,8.70323214721944,0.23434656668057277,0.010233333333333336,0.0009176388491510506,21.046892059566964,0.13191508822810397,0.9988222222222221,0.00036495006510656403,0.9937558007574248,0.00010002974917476053,0.005066421464797551,0.0003420759282813871
erdos_renyi,60,0.25,0.75,124.73333333333333,3.754212191669063,4.157777777777778,0.12514040638896876,4.156433333333333,0.12597119936998558,249.46666666666667,7.508424383338126,1495.7333333333333,81.56942521478088,0.4557348336824732,0.050769645116472334,10.898062985353674,0.34484955823249475,24.797401583645545,0.693720250859329,0.010188888888888888,0.0007922690780531356,0.6857725560704966,0.003532309639858601,0.05569999999999999,0.0030057822420020064,0.024209970914747518,0.00031111686236046186,0.03149002908525248,0.0030403192411086566
erdos_renyi,60,0.25,1.25,124.8,3.5192279195052554,4.160000000000001,0.11730759731684187,4.1588,0.11822922388381218,249.6,7.038455839010511,1497.8666666666666,73.71985103566274,0.47489033053490054,0.051968819474646336,11.107785618650889,0.3723533852410273,24.83443173340174,0.6557466234843317,0.010188888888888891,0.0008639570216199824,1.9032324687942743,0.01217385031005289,0.2738333333333333,0.007358410088420881,0.25297866868453156,0.0030917134417514525,0.020854664648801792,0.006640478477322005
erdos_renyi,60,0.25,1.75,124.56666666666666,3.932015684225606,4.152222222222222,0.1310671894741869,4.158388888888889,0.13068489145573708,249.13333333333333,7.864031368451212,1494.2,78.6962226822849,0.46892099153602823,0.05832941033129568,11.006375133200525,0.3635455121068473,24.79440320435079,0.743953507912211,0.009577777777777775,0.000973562337692096,3.728072608419747,0.02535048220823658,0.6335777777777777,0.011126656550862504,0.6543051761679176,0.003933625235975693,-0.020727398390139803,0.00842506030396557
erdos_renyi,60,0.25,2.5,124.76666666666667,3.7433167091062876,4.15888888888889,0.12477722363687625,4.157766666666666,0.1257410940493621,249.53333333333333,7.486633418212575,1508.2666666666667,81.37322626551216,0.47934696406551797,0.05379312179747783,11.187849730332111,0.36742594045525967,24.838158440559493,0.7260123012532353,0.010422222222222222,0.0008809679880667044,7.588614403731128,0.03703434359031902,0.9081666666666667,0.007346064761764336,0.9211577318271863,0.0009179993112839574,-0.012991065160519576,0.0068438439723027085
erdos_renyi,60,0.35,0.75,123.23333333333333,3.8629056699017887,4.107777777777778,0.12876352233005964,4.104188888888888,0.13156589969741836,246.46666666666667,7.7258113398035775,1474.3333333333333,83.08756585859591,0.44168748696742954,0.05178906681462289,11.241643269077056,0.4303070222976375,48.196109012424955,1.4886999215261747,0.01058888888888889,0.0008088164718541617,0.34813366423715375,0.0018096748278888073,0.025066666666666664,0.0014704046271556222,0.004352864116158082,5.757123448160904e-05,0.020713802550508587,0.0014649940370674817
erdos_renyi,60,0.35,1.25,121.26666666666667,3.1463087269630714,4.042222222222222,0.10487695756543569,4.045988888888888,0.1048121323941302,242.53333333333333,6.292617453926143,1433.3333333333333,64.68616666295733,0.40321600766197857,0.05021945563768067,11.213859240061307,0.46677297512627175,47.4029980272597,1.1590950238254094,0.010855555555555556,0.0009104102752638986,0.9645128831109002,0.005279174293311218,0.09252222222222221,0.004361110978158477,0.056090863367589526,0.0007435109490599632,0.03643135885463269,0.004311208858149782
erdos_renyi,60,0.35,1.75,124.56666666666666,3.5582631347890032,4.152222222222223,0.11860877115963345,4.143088888888889,0.11795712201450433,249.13333333333333,7.1165262695780065,1507.3333333333333,74.07059083100148,0.47668679726110635,0.06380828129431539,11.29684476512172,0.45470093869049344,48.66039454663535,1.3871364181087797,0.010511111111111112,0.0009401308532782304,1.8938324586089912,0.01092816723694957,0.27082222222222224,0.008425402294526133,0.2505867843553065,0.0027741528903965263,0.020235437866915697,0.008303800560999466
erdos_renyi,60,0.35,2.5,125.56666666666666,3.7232094341336017,4.185555555555556,0.1241069811377867,4.1914,0.12573996737844356,251.13333333333333,7.4464188682672035,1523.0,79.39703379039196,0.4889954972448863,0.036147133452668144,11.230143069112303,0.3631272651077959,48.682703997574095,1.320694413989527,0.011488888888888889,0.001078657835583878,3.8770011514989444,0.026268094878956042,0.6620555555555555,0.012257302974253325,0.676618842171711,0.0038267939001141787,-0.014563286616155417,0.009106435562916192
star,15,0.15,0.75,14.0,0.0,1.8666666666666667,0.0,1.8697000000000001,0.02127390637025366,28.0,0.0,238.0,0.0,0.9999999999999977,1.2122398512571408e-16,15.000000000000002,0.0,2.5110411737039997,0.03099949823569174,0.010222222222222225,0.0006964663469967058,2.138963159732493,1.6163198016761878e-16,0.10176666666666663,0.002621047426946708,0.31348445440223344,2.0203997520952348e-17,-0.2117177877355667,0.002621047426946708
star,15,0.15,1.25,14.0,0.0,1.8666666666666667,0.0,1.8756222222222223,0.022705927411362146,28.0,0.0,238.0,0.0,0.9999999999999977,1.2122398512571408e-16,15.000000000000002,0.0,2.554470519918732,0.050381985735504245,0.010177777777777779,0.0010877167637739966,5.941564332590256,6.465279206704751e-16,0.2852888888888889,0.01860943045221,0.8620415731918568,8.081599008380939e-17,-0.5767526843029681,0.01860943045221
star,15,0.15,1.75,14.0,0.0,1.8666666666666667,0.0,1.8749,0.016462889915747878,28.0,0.0,238.0,0.0,0.9999999999999977,1.2122398512571408e-16,15.000000000000002,0.0,2.531492865455045,0.02846515536624506,0.010111111111111107,0.0007328517633938042,11.64546609187691,1.2930558413409503e-15,0.9552666666666666,0.00574941866881985,0.9722295085819186,4.0407995041904695e-17,-0.016962841915252033,0.005749418668819849
star,15,0.15,2.5,14.0,0.0,1.8666666666666667,0.0,1.8847222222222222,0.01606386205416866,28.0,0.0,238.0,0.0,0.9999999999999977,1.2122398512571408e-16,15.000000000000002,0.0,2.562134976728541,0.03465887420519674,0.010066666666666665,0.0009326207241265029,23.766257330361025,2.5861116826819005e-15,1.0,0.0,0.9954240491140934,1.2122398512571408e-16,0.0045759508859062326,0.0
star,15,0.25,0.75,14.0,0.0,1.8666666666666667,0.0,1.895411111111111,0.02270063179531228,28.0,0.0,238.0,0.0,0.9999999999999977,1.2122398512571408e-16,15.000000000000002,0.0,7.055551314569226,0.11979652482757391,0.010477777777777779,0.000938014899839089,0.7700267375036977,4.0407995041904695e-17,0.05869999999999999,0.0023060238158094677,0.03229204867771326,5.050999380238087e-18,0.026407951322286755,0.0023060238158094677
star,15,0.25,1.25,14.0,0.0,1.8666666666666667,0.0,1.8763444444444444,0.02008520784926642,28.0,0.0,238.0,0.0,0.9999999999999977,1.2122398512571408e-16,15.000000000000002,0.0,7.052229839857678,0.11588442188395744,0.010255555555555554,0.0010168227244503859,2.1389631597324925,1.6163198016761878e-16,0.10067777777777777,0.0027221140821432595,0.3134844544022333,2.0203997520952348e-17,-0.2128066766244555,0.002722114082143261
star,15,0.25,1.75,14.0,0.0,1.8666666666666667,0.0,1.8775000000000004,0.02021305041047867,28.0,0.0,238.0,0.0,0.9999999999999977,1.2122398512571408e-16,15.000000000000002,0.0,7.047316314324935,0.08229516221100062,0.010677777777777777,0.0008575731556704196,4.192367793075688,3.2326396033523756e-16,0.16296666666666668,0.004205172821325639,0.7189759566134462,1.2122398512571408e-16,-0.5560092899467798,0.004205172821325639
star,15,0.25,2.5,14.0,0.0,1.8666666666666667,0.0,1.878366666666667,0.019031576759735002,28.0,0.0,238.0,0.0,0.9999999999999977,1.2122398512571408e-16,15.000000000000002,0.0,7.071814305194815,0.11030110727226027,0.010366666666666665,0.0010480286133771424,8.55585263892997,6.465279206704751e-16,0.6496555555555557,0.025131921596038144,0.9408175448610763,0.0,-0.29116198930552073,0.025131921596038144
star,15,0.35,0.75,14.0,0.0,1.8666666666666667,0.0,1.8717222222222223,0.027030861908436888,28.0,0.0,238.0,0.0,0.9999999999999977,1.2122398512571408e-16,15.000000000000002,0.0,13.930748706217116,0.2080775338052269,0.009544444444444442,0.0008552816559127326,0.39287078444066204,0.0,0.03215555555555556,0.002108504047021208,0.005920618787596175,3.1568746126488043e-19,0.02623493676795938,0.002108504047021207
star,15,0.35,1.25,14.0,0.0,1.8666666666666667,0.0,1.8548222222222224,0.01984955001000853,28.0,0.0,238.0,0.0,0.9999999999999977,1.2122398512571408e-16,15.000000000000002,0.0,13.564441057775204,0.21571651162654354,0.01108888888888889,0.0011363369588818723,1.0913077345573943,8.081599008380939e-17,0.074,0.0024509635397752835,0.07535874285430524,5.050999380238087e-18,-0.0013587428543052572,0.0024509635397752835
star,15,0.35,1.75,14.0,0.0,1.8666666666666667,0.0,1.8578555555555551,0.0196840692475893,28.0,0.0,238.0,0.0,0.9999999999999977,1.2122398512571408e-16,15.000000000000002,0.0,13.8026409497308,0.1759271388938982,0.010644444444444446,0.001055763418936544,2.138963159732493,1.6163198016761878e-16,0.09817777777777777,0.002686783639930663,0.31348445440223344,2.0203997520952348e-17,-0.21530667662445557,0.002686783639930663
star,15,0.35,2.5,14.0,0.0,1.8666666666666667,0.0,1.8489,0.020391117212150065,28.0,0.0,238.0,0.0,0.9999999999999977,1.2122398512571408e-16,15.000000000000002,0.0,13.80969473914759,0.24313885308312175,0.010277777777777778,0.0010347111977092756,4.365230938229577,3.2326396033523756e-16,0.17022222222222227,0.007872868944900866,0.7394009491990442,4.0407995041904695e-17,-0.569178726976822,0.00787286894490087
star,30,0.15,0.75,29.0,0.0,1.9333333333333327,2.4244797025142816e-16,1.9016,0.04116385473648311,58.0,0.0,928.0,0.0,0.9999999999999986,1.2122398512571408e-16,30.0,0.0,5.060166270575063,0.07898493614368055,0.011533333333333333,0.0010763204145319305,1.1219093348196882,8.081599008380939e-17,0.050455555555555566,0.002110539094111626,0.08044422061331279,1.0101998760476174e-17,-0.029988665057757203,0.002110539094111626
star,30,0.15,1.25,29.0,0.0,1.9333333333333327,2.4244797025142816e-16,1.9255555555555557,0.02520926302485416,58.0,0.0,928.0,0.0,0.9999999999999986,1.2122398512571408e-16,30.0,0.0,5.138492975540645,0.08096978950344441,0.009788888888888887,0.0009097633579070872,3.1164148189435803,3.2326396033523756e-16,0.07705555555555556,0.0030512615289151105,0.5448549713619592,4.0407995041904695e-17,-0.4677994158064037,0.0030512615289151087
star,30,0.15,1.75,29.0,0.0,1.9333333333333327,2.4244797025142816e-16,1.9227555555555553,0.02732739227038873,58.0,0.0,928.0,0.0,0.9999999999999986,1.2122398512571408e-16,30.0,0.0,5.111299305195947,0.08411220953080095,0.010233333333333334,0.0009686194887161921,6.108173045129413,6.465279206704751e-16,0.22155555555555556,0.015664044457600636,0.8702499232682295,0.0,-0.6486943677126741,0.01566404445760064
star,30,0.15,2.5,29.0,0.0,1.9333333333333327,2.4244797025142816e-16,1.9336444444444443,0.03584836006157465,58.0,0.0,928.0,0.0,0.9999999999999986,1.2122398512571408e-16,30.0,0.0,5.1659527251969575,0.08135541454940295,0.009966666666666667,0.0008800857615240078,12.465659275774321,1.2930558413409503e-15,0.991388888888889,0.0028970203097632785,0.9765671980824531,0.0,0.014821690806435812,0.0028970203097632785
star,30,0.25,0.75,29.0,0.0,1.9333333333333327,2.4244797025142816e-16,1.939866666666667,0.028692642513297947,58.0,0.0,928.0,0.0,0.9999999999999986,1.2122398512571408e-16,30.0,0.0,14.30543053872282,0.19661564993387798,0.009988888888888891,0.000770162473667109,0.4038873605350877,2.0203997520952348e-17,0.033800000000000004,0.0016191083240495018,0.006352356058773509,6.313749225297609e-19,0.027447643941226493,0.0016191083240495018
star,30,0.25,1.25,29.0,0.0,1.9333333333333327,2.4244797025142816e-16,1.9411111111111112,0.0296153260197749,58.0,0.0,928.0,0.0,0.9999999999999986,1.2122398512571408e-16,30.0,0.0,14.174443977948528,0.23013465277152212,0.010366666666666665,0.001073924608087998,1.1219093348196882,8.081599008380939e-17,0.05003333333333333,0.0018593796848036547,0.08044422061331279,1.0101998760476174e-17,-0.03041088727997943,0.0018593796848036545
star,30,0.25,1.75,29.0,0.0,1.9333333333333327,2.4244797025142816e-16,1.9398666666666666,0.03514034581503147,58.0,0.0,928.0,0.0,0.9999999999999986,1.2122398512571408e-16,30.0,0.0,14.233009712127599,0.20527919276842604,0.010044444444444444,0.0009889621704303752,2.19894229624659,3.2326396033523756e-16,0.062177777777777776,0.0017923046782285176,0.3289230700154923,4.0407995041904695e-17,-0.26674529223771465,0.0017923046782285148
star,30,0.25,2.5,29.0,0.0,1.9333333333333327,2.4244797025142816e-16,1.9460888888888888,0.02623217771870026,58.0,0.0,928.0,0.0,0.9999999999999986,1.2122398512571408e-16,30.0,0.0,14.22045571848893,0.2025418588266328,0.0101,0.000833001840580943,4.487637339278753,3.2326396033523756e-16,0.1185777777777778,0.005538310052339525,0.7528138927866977,0.0,-0.6342361150089199,0.005538310052339527
star,30,0.35,0.75,29.0,0.0,1.9333333333333327,2.4244797025142816e-16,1.924311111111111,0.04503609583596746,58.0,0.0,928.0,0.0,0.9999999999999986,1.2122398512571408e-16,30.0,0.0,27.431747197978982,0.2650432684155242,0.010766666666666667,0.0007968795207719912,0.20606497986484068,2.0203997520952348e-17,0.02305555555555555,0.001001949177407782,0.0011397298144360988,0.0,0.02191582574111946,0.001001949177407782
star,30,0.35,1.25,29.0,0.0,1.9333333333333327,2.4244797025142816e-16,1.9572888888888889,0.028766726171998554,58.0,0.0,928.0,0.0,0.9999999999999986,1.2122398512571408e-16,30.0,0.0,27.640409624205038,0.43411671513917227,0.01081111111111111,0.0010957833838632467,0.5724027218467798,4.0407995041904695e-17,0.04173333333333334,0.0013131837478264627,0.015373858380865949,1.2627498450595217e-18,0.026359474952467384,0.0013131837478264627
star,30,0.35,1.75,29.0,0.0,1.9333333333333327,2.4244797025142816e-16,1.9529333333333332,0.03371241913666205,58.0,0.0,928.0,0.0,0.9999999999999986,1.2122398512571408e-16,30.0,0.0,27.790782342400565,0.46006864925758106,0.009844444444444442,0.000990944590241076,1.1219093348196882,8.081599008380939e-17,0.052,0.0016067585226758783,0.08044422061331279,1.0101998760476174e-17,-0.028444220613312754,0.0016067585226758785
star,30,0.35,2.5,29.0,0.0,1.9333333333333327,2.4244797025142816e-16,1.9215111111111114,0.030872527657739048,58.0,0.0,928.0,0.0,0.9999999999999986,1.2122398512571408e-16,30.0,0.0,27.44664108680019,0.49967980532614026,0.010822222222222223,0.0008645530922868275,2.289610887387119,1.6163198016761878e-16,0.06433333333333333,0.0027914367138094074,0.3521526693689822,4.0407995041904695e-17,-0.28781933603564896,0.002791436713809406
star,60,0.15,0.75,59.0,0.0,1.966666666666667,1.6163198016761878e-16,1.9750444444444446,0.041218125213593304,118.0,0.0,3658.0,0.0,0.9999999999999978,1.2122398512571408e-16,60.0,0.0,10.113873192408926,0.1462435070696091,0.010711111111111112,0.001160179091003351,0.5748227091490078,8.081599008380939e-17,0.03014444444444445,0.0013277794956624933,0.015538256956662201,1.8941247675892825e-18,0.01460618748778225,0.0013277794956624935
star,60,0.15,1.25,59.0,0.0,1.966666666666667,1.6163198016761878e-16,1.9228444444444444,0.050934381404768414,118.0,0.0,3658.0,0.0,0.9999999999999978,1.2122398512571408e-16,60.0,0.0,10.438506955907942,0.16662818127400003,0.008777777777777777,0.0006298831072673523,1.596729747636133,8.081599008380939e-17,0.034977777777777774,0.0018613795878863841,0.1776194866657105,2.0203997520952348e-17,-0.1426417088879328,0.001861379587886385
star,60,0.15,1.75,59.0,0.0,1.966666666666667,1.6163198016761878e-16,1.9544222222222225,0.050398520856209925,118.0,0.0,3658.0,0.0,0.9999999999999978,1.2122398512571408e-16,60.0,0.0,10.29849263858663,0.15595074808942938,0.009955555555555553,0.0009348975908201997,3.1295903053668206,3.2326396033523756e-16,0.057388888888888885,0.0031962309274107116,0.5475328096174834,8.081599008380939e-17,-0.4901439207285947,0.003196230927410714
star,60,0.15,2.5,59.0,0.0,1.966666666666667,1.6163198016761878e-16,1.9627999999999999,0.04980280193218347,118.0,0.0,3658.0,0.0,0.9999999999999978,1.2122398512571408e-16,60.0,0.0,10.139994100036654,0.17159212642256141,0.01058888888888889,0.0010799988048493143,6.386918990544532,3.2326396033523756e-16,0.20994444444444446,0.015969514995089043,0.8826164067549558,4.0407995041904695e-17,-0.6726719623105114,0.015969514995089036
star,60,0.25,0.75,59.0,0.0,1.966666666666667,1.6163198016761878e-16,1.9924444444444442,0.050557100557588566,118.0,0.0,3658.0,0.0,0.9999999999999978,1.2122398512571408e-16,60.0,0.0,28.27996801265675,0.3440602436650084,0.010566666666666669,0.000802401542242794,0.2069361752936428,3.030599628142852e-17,0.022977777777777774,0.000879295650625559,0.0011520954830297298,7.892186531622011e-20,0.02182568229474805,0.000879295650625559
star,60,0.25,1.25,59.0,0.0,1.966666666666667,1.6163198016761878e-16,1.8957777777777776,0.045433267454640956,118.0,0.0,3658.0,0.0,0.9999999999999978,1.2122398512571408e-16,60.0,0.0,28.354750415792708,0.42230713012319315,0.01017777777777778,0.0009259331661530463,0.5748227091490078,8.081599008380939e-17,0.029077777777777775,0.0012171192139343026,0.015538256956662201,1.8941247675892825e-18,0.013539520821115583,0.0012171192139343028
star,60,0.25,1.75,59.0,0.0,1.966666666666667,1.6163198016761878e-16,1.976333333333333,0.04102010795081232,118.0,0.0,3658.0,0.0,0.9999999999999978,1.2122398512571408e-16,60.0,0.0,28.31884611126462,0.41372043382890095,0.009955555555555556,0.0009163458405245113,1.1266525099320561,1.6163198016761878e-16,0.03361111111111111,0.001364373867157648,0.08124702537081348,1.515299814071426e-17,-0.04763591425970241,0.001364373867157648
star,60,0.25,2.5,59.0,0.0,1.966666666666667,1.6163198016761878e-16,1.9595777777777779,0.050267357032296255,118.0,0.0,3658.0,0.0,0.9999999999999978,1.2122398512571408e-16,60.0,0.0,28.370867326158315,0.45149692540249875,0.010188888888888888,0.0010139235392179046,2.299290836596031,3.2326396033523756e-16,0.0455,0.002624900645203603,0.3546213330137635,2.0203997520952348e-17,-0.3091213330137633,0.0026249006452036027
star,60,0.35,0.75,59.0,0.0,1.966666666666667,1.6163198016761878e-16,1.9518444444444445,0.04340260299641251,118.0,0.0,3658.0,0.0,0.9999999999999978,1.2122398512571408e-16,60.0,0.0,55.485969343775395,0.6016523019525467,0.01111111111111111,0.0006196744775019081,0.10557968127226676,1.0101998760476174e-17,0.016133333333333333,0.0008026766461110009,0.00020582326254847918,1.9730466329055027e-20,0.015927510070784853,0.0008026766461110009
star,60,0.35,1.25,59.0,0.0,1.966666666666667,1.6163198016761878e-16,1.969888888888889,0.05087439914044426,118.0,0.0,3658.0,0.0,0.9999999999999978,1.2122398512571408e-16,60.0,0.0,55.78800214764636,0.7281034497290496,0.010555555555555556,0.0008336985151322233,0.2932768924229633,0.0,0.02502222222222222,0.0011012545375193611,0.0028091600263526004,4.735311918973206e-19,0.022213062195869625,0.0011012545375193611
star,60,0.35,1.75,59.0,0.0,1.966666666666667,1.6163198016761878e-16,1.996311111111111,0.04486298338081362,118.0,0.0,3658.0,0.0,0.9999999999999978,1.2122398512571408e-16,60.0,0.0,55.143495006823066,0.9311739122433873,0.011066666666666669,0.0011386948052549846,0.5748227091490078,8.081599008380939e-17,0.030122222222222224,0.0016812135109218244,0.015538256956662201,1.8941247675892825e-18,0.014583965265560028,0.0016812135109218246
star,60,0.35,2.5,59.0,0.0,1.966666666666667,1.6163198016761878e-16,1.9615111111111112,0.050380506079138604,118.0,0.0,3658.0,0.0,0.9999999999999978,1.2122398512571408e-16,60.0,0.0,55.50398299285442,0.744837365329021,0.010422222222222222,0.0007601919320281209,1.1731075696918531,0.0,0.03376666666666666,0.0016743903364278175,0.08931289811592844,1.0101998760476174e-17,-0.055546231449261775,0.0016743903364278179
watts_strogatz,15,0.15,0.75,30.0,0.0,4.0,0.0,3.9995222222222213,0.007241122121387063,60.0,0.0,311.46666666666664,1.9435601728770504,0.9076959087268189,0.0731807936346106,7.6227474389187835,0.1804859225302609,3.023782890977543,0.024135046116812865,0.010044444444444443,0.0008496702347827018,4.007068252556438,0.012420981819255097,0.640811111111111,0.012604839755431668,0.6949659064360496,0.00168989551988775,-0.05415479532493855,0.011275942279564004
watts_strogatz,15,0.15,1.25,30.0,0.0,4.0,0.0,4.000133333333333,0.006124373418780827,60.0,0.0,310.73333333333335,1.6965858165593015,0.934646606518906,0.0596184396321506,7.574122566468687,0.15931178121547834,3.0029268920024936,0.021600980684044487,0.010922222222222222,0.0009874479009918777,11.143581303026888,0.030090349572078675,0.9970333333333333,0.0008436532732504296,0.9690086273744601,0.00021024889077528956,0.028024705958873422,0.0007426494281265265
watts_strogatz,15,0.15,1.75,30.0,0.0,4.0,0.0,4.001922222222222,0.0058291895494052065,60.0,0.0,311.53333333333336,2.0817770775869073,0.8941471269774969,0.10012202653935387,7.605522979198355,0.14880606835802876,3.0161189385188547,0.02076860130636674,0.010088888888888889,0.0008138055116630212,21.81425442643371,0.0718949993392212,1.0,0.0,0.9943053144653906,4.8567297980504025e-05,0.0056946855346092454,4.8567297980504045e-05
watts_strogatz,15,0.15,2.5,30.0,0.0,4.0,0.0,3.996922222222222,0.0062962873995279466,60.0,0.0,311.0,1.3779411595131554,0.9482584323674014,0.05689623666074364,7.556997668998039,0.1634582375876613,3.016576141711011,0.016652176041948488,0.009811111111111109,0.0006278155876451708,44.55396783448587,0.09853317538297654,1.0,0.0,0.9990811532305479,5.2094739450660445e-06,0.0009188467694520345,5.209473945066044e-06
watts_strogatz,15,0.25,0.75,30.0,0.0,4.0,0.0,3.995311111111111,0.005452962654343372,60.0,0.0,310.53333333333336,1.582947907111397,0.9102691703728958,0.05866052561278862,7.4996560072178,0.1376522403234107,8.391590231665182,0.07422645046710276,0.01018888888888889,0.000974947212551872,1.4446576394567994,0.003640951138225691,0.14934444444444445,0.0064758183844189025,0.14321922957531782,0.0007894880179153068,0.006125214869126613,0.006329772037992355
watts_strogatz,15,0.25,1.25,30.0,0.0,4.0,0.0,4.004077777777778,0.00634085746833987,60.0,0.0,310.06666666666666,1.0377020294456925,0.8220705300182586,0.07229314427122789,7.512264010747112,0.12611136879937718,8.362605113399722,0.05570560838365356,0.009899999999999997,0.0009471067241187812,4.015792138065886,0.006716826752280317,0.6448666666666667,0.006986626468838182,0.6961730865199554,0.0009062162283106505,-0.051306419853288626,0.006851641419737647
watts_strogatz,15,0.25,1.75,30.0,0.0,4.0,0.0,4.001655555555556,0.005952024920756047,60.0,0.0,310.53333333333336,1.4305587473088675,0.9312668631737923,0.07976840856607204,7.535927797474143,0.13828469673821409,8.349027492206925,0.07304075711012004,0.011277777777777775,0.0013889645098187253,7.865259161416158,0.018107373074883793,0.9653888888888889,0.00415962632585079,0.9276033805894818,0.00039612299890754934,0.03778550829940701,0.0039025959862965492
watts_strogatz,15,0.25,2.5,30.0,0.0,4.0,0.0,4.000033333333333,0.005880613250268526,60.0,0.0,309.93333333333334,1.72753541363527,0.8761863334551235,0.06324887549978665,7.4317659514998775,0.16055815394202033,8.353182163865636,0.05553957767255269,0.01048888888888889,0.0009844871305276378,16.067515643816957,0.044449064537215276,0.9999,8.942706811058894e-05,0.9876250625067384,8.733236759201889e-05,0.01227493749326188,9.48233842289559e-05
watts_strogatz,15,0.35,0.75,30.0,0.0,4.0,0.0,3.996677777777778,0.005577992460645449,60.0,0.0,310.8,1.43876626587368,0.9145938514023857,0.06062959082654038,7.526712553600094,0.1093899538007868,16.360073182772847,0.1580186482422826,0.011144444444444445,0.0011520949094104551,0.7367447647016478,0.0016928861808947584,0.05768888888888888,0.0033362061449293645,0.02893947271043485,0.00016480371511899374,0.028749416178454036,0.00335123890329198
watts_strogatz,15,0.35,1.25,30.0,0.0,4.0,0.0,3.9971333333333328,0.005181375413683348,60.0,0.0,310.6,1.9272856023701954,0.9172998343072668,0.05670260750896457,7.514969605713078,0.18052464558354,16.479104940055517,0.13087894424616855,0.009855555555555555,0.0008479072416877913,2.047271138554717,0.006330629068452332,0.25820000000000004,0.0072570215606014635,0.28985904066604384,0.001629681923619252,-0.03165904066604383,0.006905352558410802
watts_strogatz,15,0.35,1.75,30.0,0.0,4.0,0.0,4.001077777777779,0.004633092832406795,60.0,0.0,309.2,1.6449618239639634,0.9029398750882628,0.05115965273169243,7.299810281973796,0.15601270818869656,16.31935597360082,0.12711837507100884,0.010922222222222226,0.0009997923019726975,4.02161026746758,0.01067724298928187,0.6540222222222221,0.010384673684493825,0.6969392216703313,0.0014377265755384,-0.042916999448108936,0.00943527623584735
watts_strogatz,15,0.35,2.5,30.0,0.0,4.0,0.0,3.996722222222223,0.004738571731222084,60.0,0.0,311.2,1.9943925068211539,0.9822823129339029,0.0798444772780949,7.54210581952398,0.1334182257881746,16.425825647607763,0.16612475476772243,0.010000000000000002,0.0009516802107322404,8.181232560194088,0.025805284325744214,0.9678444444444445,0.005342782844593116,0.9340822302741595,0.0005058244857226492,0.03376221417028497,0.0049064162284348355
watts_strogatz,30,0.15,0.75,60.0,0.0,4.0,0.0,3.9974333333333325,0.004701052610043941,120.0,0.0,621.8,2.815169025774147,0.4986398799171061,0.04079609899548814,7.91923274658457,0.14751941850499894,4.936819353778034,0.030004767395503833,0.009644444444444447,0.0007672584578102161,2.835860181820721,0.006413059246807298,0.45898888888888895,0.009253774288815105,0.48457458652390284,0.0014467440790404485,-0.02558569763501395,0.009339575778049853
watts_strogatz,30,0.15,1.25,60.0,0.0,4.0,0.0,3.9985777777777773,0.0056909687026725,120.0,0.0,618.5333333333333,2.1506342145758337,0.45735234394455915,0.03707562093994963,7.75983260869241,0.12745964349949307,4.8917451425629315,0.03236629758961805,0.0107,0.0009220126466388307,7.897974098836113,0.013643605737273606,0.9847222222222223,0.0015908267153099608,0.9283186743322759,0.0002963630558734462,0.056403547889946275,0.001398649696332783
watts_strogatz,30,0.15,1.75,60.0,0.0,4.0,0.0,3.998888888888889,0.006080373630158985,120.0,0.0,620.2666666666667,2.2921635081059812,0.4479305025497107,0.04338066380181288,7.781879729527083,0.13864939416761327,4.932709454575857,0.024442301824739138,0.009888888888888892,0.0009336372429857304,15.458455840494185,0.02851582742046281,0.9999555555555555,5.1788876188736846e-05,0.986357352069129,6.368885012517699e-05,0.013598203486426711,7.20502451732694e-05
watts_strogatz,30,0.15,2.5,60.0,0.0,4.0,0.0,4.008522222222222,0.005461840377089997,120.0,0.0,623.0666666666667,2.5056815868261046,0.4941569273606405,0.04858270822177365,8.036209239371093,0.17009158792198792,4.908997527826817,0.031989060934148335,0.01058888888888889,0.0010259494301819959,31.47711301031035,0.06265419747499278,1.0,0.0,0.9977661273725732,1.1498421353476142e-05,0.0022338726274267733,1.1498421353476142e-05
watts_strogatz,30,0.25,0.75,60.0,0.0,4.0,0.0,4.0024999999999995,0.006047639658628261,120.0,0.0,620.0666666666667,2.538943527837493,0.4629416269928598,0.04441783603499536,7.844677631507327,0.16028372776322303,13.57427955615783,0.07700345071580385,0.010922222222222226,0.0008525237259325928,1.0223243687716574,0.0020739292261963624,0.09724444444444444,0.0034519927534976207,0.06450633935898836,0.00031232657373977865,0.032738105085456076,0.003508990164092927
watts_strogatz,30,0.25,1.25,60.0,0.0,4.0,0.0,3.9979999999999998,0.005813033736875585,120.0,0.0,622.5333333333333,2.199358513233302,0.49313571863166045,0.03319047757166358,8.014463069764721,0.15622478721457198,13.573613593130512,0.08227028812346689,0.011166666666666665,0.0012287802464222175,2.8341256427040493,0.005023312216906938,0.4766666666666666,0.009843209975963468,0.4841876637503345,0.0011323603364663925,-0.007520997083667769,0.009518176825962706
watts_strogatz,30,0.25,1.75,60.0,0.0,4.0,0.0,4.003955555555556,0.0053569059418966565,120.0,0.0,621.7333333333333,3.402528300433229,0.4734269058962515,0.045967494433038304,7.903963120166471,0.20098238313615616,13.644920981128568,0.08724709228210425,0.01001111111111111,0.0009591178329351592,5.5587257514356025,0.014999244572926085,0.8930888888888889,0.007032914317988806,0.840452497809149,0.0009383909778966845,0.05263639107974008,0.006369864903475896
watts_strogatz,30,0.25,2.5,60.0,0.0,4.0,0.0,3.9955,0.005649332957154491,120.0,0.0,622.6666666666666,2.8954815903139055,0.4523970567182118,0.045015410292715864,7.940926704215639,0.15890666778878162,13.66729309070854,0.08633742312156872,0.01031111111111111,0.0009860805825504825,11.335575912488148,0.026195941744928678,0.9984444444444446,0.00044996101245421585,0.9702975829391884,0.00017173751903084924,0.028146861505256207,0.0003755414942732931
watts_strogatz,30,0.35,0.75,60.0,0.0,4.0,0.0,4.0034777777777775,0.006061895768223855,120.0,0.0,622.6,3.6981206037661885,0.4542808879669071,0.0458116667560851,7.994060576510388,0.21972359417816922,26.62996099395874,0.1933073879382301,0.01088888888888889,0.0009747710650218935,0.5205576581372279,0.0015010142752780477,0.0405,0.002323700114520422,0.012097324936854049,8.699114223375538e-05,0.028402675063145952,0.0023058617276281155
watts_strogatz,30,0.35,1.25,60.0,0.0,4.0,0.0,3.9973000000000005,0.006117700595588765,120.0,0.0,621.5333333333333,2.4769686578155903,0.43521433670780224,0.037851422879659674,7.937235640115549,0.1833087629153319,26.667638340374765,0.1460315869820424,0.011233333333333333,0.0010237792206917984,1.4471585448775874,0.002866343389008037,0.1653888888888889,0.005738030832731522,0.14376116572613007,0.0006233102384762569,0.02162772316275883,0.005723070592257751
watts_strogatz,30,0.35,1.75,60.0,0.0,4.0,0.0,3.9963333333333333,0.005353998775339269,120.0,0.0,621.0,2.656347159142618,0.468297021530573,0.043746194636394176,7.985933258884683,0.17372306851769923,26.95918661693535,0.15752553943773764,0.009322222222222223,0.0008994584965735344,2.837668212593054,0.006049223514709108,0.4550111111111111,0.009684041090631555,0.48498349325798606,0.0013648399709427254,-0.029972382146874966,0.00913813488018603
watts_strogatz,30,0.35,2.5,60.0,0.0,4.0,0.0,4.001111111111112,0.007270579882982044,120.0,0.0,623.0666666666667,2.629503992969424,0.46274845087246264,0.04663618975718137,7.954278228185652,0.13785828127189742,26.795978452719496,0.1815823622650637,0.010022222222222222,0.001106144350420706,5.781539350181481,0.01216266498545203,0.9045555555555556,0.0067041461206085624,0.853499337318658,0.0006755111904626249,0.051056218236897655,0.006220681478657925
watts_strogatz,60,0.15,0.75,120.0,0.0,4.0,0.0,4.002811111111111,0.005393775843757614,240.0,0.0,1243.3333333333333,3.9618304527577224,0.30998768450733605,0.02793258390086723,8.20193220553905,0.1307993495518334,8.394515460416214,0.03367069556960015,0.009733333333333335,0.0006345909353058975,2.0054123901960943,0.0031945165907757028,0.2963666666666667,0.007043330117697951,0.27909129556249235,0.0008207061528916211,0.01727537110417432,0.0068605320056074615
watts_strogatz,60,0.15,1.25,120.0,0.0,4.0,0.0,4.001788888888888,0.005214212524794607,240.0,0.0,1242.4,3.4574556321485685,0.30639768822715546,0.023106039631847652,8.21161492564385,0.11076126647958702,8.371853990215815,0.03824240457707404,0.010233333333333332,0.0009776943503245017,5.572643699391465,0.007735764172380003,0.9279444444444446,0.005295589782561346,0.8413284894833492,0.00047556692967741813,0.08661595496109536,0.004969610557339889
watts_strogatz,60,0.15,1.75,120.0,0.0,4.0,0.0,3.9938222222222213,0.00480985521838201,240.0,0.0,1243.6,3.353729013926225,0.3106942013662935,0.02655158997842113,8.187346444467996,0.1529646316980108,8.370828739665685,0.039379585971278594,0.010633333333333337,0.0009172110205367819,10.917096628544904,0.01471625219531249,0.9993777777777777,0.0002558948805037551,0.9673957533750018,0.00010891433117907815,0.03198202440277602,0.0002294471475549718
watts_strogatz,60,0.15,2.5,120.0,0.0,4.0,0.0,4.003677777777778,0.005576496984118073,240.0,0.0,1247.1333333333334,3.762201719442722,0.3204587855464471,0.029765864278319447,8.30475275010841,0.18172334025203396,8.403133820631142,0.04015385175213601,0.010155555555555555,0.000975475464293649,22.248319447775017,0.03348993301319952,1.0,0.0,0.9945855996205619,2.080797627013188e-05,0.0054144003794380485,2.080797627013188e-05
watts_strogatz,60,0.25,0.75,120.0,0.0,4.0,0.0,4.003555555555556,0.0052665344115828796,240.0,0.0,1243.2,4.209400055540718,0.3070367164212024,0.019039952226517394,8.199225506184982,0.17354218052959994,23.287303770814937,0.10637136616834429,0.0104,0.0007139062117551795,0.7219898201898812,0.0012205294691888093,0.056799999999999996,0.0028882881733231476,0.027517736645743154,0.00011576684854378706,0.029282263354256842,0.002895927465880915
watts_strogatz,60,0.25,1.25,120.0,0.0,4.0,0.0,3.996866666666667,0.00553774896888627,240.0,0.0,1242.7333333333333,3.7140067570712456,0.284967625840196,0.02771047880260788,8.32389745566379,0.15578244191529841,23.271208056032958,0.15493630842731668,0.010366666666666666,0.0013101726909855594,2.005889194679621,0.0029801833298062604,0.30027777777777775,0.01191624942209103,0.27921372508366155,0.0007654754558898879,0.021064052694116233,0.011970572408969331
watts_strogatz,60,0.25,1.75,120.0,0.0,4.0,0.0,4.001388888888889,0.004675930906513308,240.0,0.0,1242.2,3.0788762840383486,0.3017508815937812,0.028014931130131593,8.243637799072522,0.16225659349680138,23.228214173899215,0.10129935343490494,0.010266666666666665,0.0009102575723499556,3.9323564599581426,0.00488203558364138,0.7498888888888887,0.007092544689640127,0.6846878015977904,0.0006855629479807412,0.06520108729109865,0.00686421333836258
watts_strogatz,60,0.25,2.5,120.0,0.0,4.0,0.0,4.000888888888889,0.004231804428208335,240.0,0.0,1240.2666666666667,3.4128945120222465,0.30268270434585365,0.022506105317679975,8.076808061015857,0.1294360251045313,23.25601247329804,0.15695586429105815,0.010400000000000001,0.0011356747326324202,8.031501878699444,0.011048752919640364,0.9916222222222223,0.0012485780390609832,0.9311256881148593,0.00022595364675908437,0.06049653410736298,0.0010985171758829666
watts_strogatz,60,0.35,0.75,120.0,0.0,4.0,0.0,3.9977444444444443,0.0047831528819963585,240.0,0.0,1240.3333333333333,3.9248781907545274,0.3047418583517327,0.026193805125240617,8.125287125928002,0.16024841794825592,45.581945938575565,0.1728947959754241,0.010455555555555556,0.0010050781881651022,0.3687860089286638,0.0005793206506745683,0.028099999999999997,0.0016089403031517362,0.005039753464639518,2.0098722776756607e-05,0.02306024653536048,0.0016146631438087391
watts_strogatz,60,0.35,1.25,120.0,0.0,4.0,0.0,3.9980444444444445,0.005633938673257936,240.0,0.0,1244.1333333333334,4.138876401842872,0.2917175842311959,0.025760885115862695,8.359168919719297,0.14181060897326556,45.64600526786866,0.14495289428168162,0.010422222222222222,0.0008198121289523302,1.0228431973361087,0.0016999289664040307,0.094,0.003615554420494962,0.06458381319717432,0.00025702308134084535,0.02941618680282568,0.0036453645897869574
watts_strogatz,60,0.35,1.75,120.0,0.0,4.0,0.0,4.002266666666666,0.006228812035344094,240.0,0.0,1243.6,3.523240723453663,0.31349455643391383,0.028735169513710614,8.260946848161055,0.15028187299982584,45.54143731100381,0.1889322518345501,0.01034444444444444,0.0009331904616063301,2.0051852330556392,0.002836411977052382,0.3039111111111111,0.007791849241917461,0.2790328020173904,0.0007286578622830959,0.024878309093720654,0.007725303131730822
watts_strogatz,60,0.35,2.5,120.0,0.0,4.0,0.0,3.998788888888889,0.006402902933060926,240.0,0.0,1242.6,3.630639777697905,0.28630184045245616,0.02528837333491023,8.260510680207254,0.15236745022024786,45.62783051709326,0.21445662808630123,0.009677777777777778,0.0007884202763382842,4.093867305750959,0.005990372348638243,0.7743000000000001,0.008684769924919527,0.7065031791299786,0.0007761141936848577,0.06779682087002131,0.008300971030948163
