graph_type,num_sensors,noise,amplitude,num_edges_mean,num_edges_ci95,mean_degree_mean,mean_degree_ci95,mean_anomaly_degree_mean,mean_anomaly_degree_ci95,trace_L_mean,trace_L_ci95,trace_L2_mean,trace_L2_ci95,lambda_2_mean,lambda_2_ci95,lambda_max_mean,lambda_max_ci95,tau_mean,tau_ci95,pfa_mean,pfa_ci95,pd_mean,pd_ci95
grid,10,0.1,0.5,13.0,0.0,2.6000000000000005,1.9968686188423001e-16,2.6036750000000004,0.005464404869603555,26.0,0.0,98.0,0.0,0.4568527285104064,2.4960857735528752e-17,5.941623247098444,3.9937372376846002e-16,0.701942533040881,0.010256978929346943,0.010350000000000002,0.00173583657974446,0.67115,0.012287821193531851
grid,10,0.1,1.0,13.0,0.0,2.6000000000000005,1.9968686188423001e-16,2.59685,0.0066360660667375325,26.0,0.0,98.0,0.0,0.4568527285104064,2.4960857735528752e-17,5.941623247098444,3.9937372376846002e-16,0.7073010850835163,0.012525023098795274,0.011250000000000001,0.0014717182939822774,1.0,0.0
grid,10,0.1,1.5,13.0,0.0,2.6000000000000005,1.9968686188423001e-16,2.5963750000000005,0.004911784513317251,26.0,0.0,98.0,0.0,0.4568527285104064,2.4960857735528752e-17,5.941623247098444,3.9937372376846002e-16,0.6975015817752539,0.009972375667895566,0.010125000000000002,0.0013893443171435031,1.0,0.0
grid,10,0.1,2.0,13.0,0.0,2.6000000000000005,1.9968686188423001e-16,2.599225,0.006026664517834576,26.0,0.0,98.0,0.0,0.4568527285104064,2.4960857735528752e-17,5.941623247098444,3.9937372376846002e-16,0.7072369374809604,0.01128379744351077,0.009875,0.0013893443171435031,1.0,0.0
grid,10,0.1,3.0,13.0,0.0,2.6000000000000005,1.9968686188423001e-16,2.600725,0.006646103484472362,26.0,0.0,98.0,0.0,0.4568527285104064,2.4960857735528752e-17,5.941623247098444,3.9937372376846002e-16,0.7021430508386552,0.009784519587659557,0.010525000000000001,0.001336683621977601,1.0,0.0
grid,10,0.2,0.5,13.0,0.0,2.6000000000000005,1.9968686188423001e-16,2.603625,0.00524810720265187,26.0,0.0,98.0,0.0,0.4568527285104064,2.4960857735528752e-17,5.941623247098444,3.9937372376846002e-16,2.8130287889048224,0.045371976280869336,0.010125000000000002,0.0011658011701920067,0.1021,0.0075481767195445075
grid,10,0.2,1.0,13.0,0.0,2.6000000000000005,1.9968686188423001e-16,2.6031999999999993,0.004890913680650985,26.0,0.0,98.0,0.0,0.4568527285104064,2.4960857735528752e-17,5.941623247098444,3.9937372376846002e-16,2.7822919756202094,0.04061266523384541,0.011700000000000002,0.0017435362734517755,0.685825,0.012447050825924908
grid,10,0.2,1.5,13.0,0.0,2.6000000000000005,1.9968686188423001e-16,2.6028000000000002,0.006153210612526229,26.0,0.0,98.0,0.0,0.4568527285104064,2.4960857735528752e-17,5.941623247098444,3.9937372376846002e-16,2.8258169267854623,0.03595625083537504,0.0095,0.0010852436059293443,0.9870749999999999,0.0013287186348231647
grid,10,0.2,2.0,13.0,0.0,2.6000000000000005,1.9968686188423001e-16,2.5941750000000003,0.006907097535754162,26.0,0.0,98.0,0.0,0.4568527285104064,2.4960857735528752e-17,5.941623247098444,3.9937372376846002e-16,2.791782096350769,0.036384014344928335,0.010000000000000002,0.0013109578659574797,0.9999750000000001,4.89999999999946e-05
grid,10,0.2,3.0,13.0,0.0,2.6000000000000005,1.9968686188423001e-16,2.604375,0.0044959160122797805,26.0,0.0,98.0,0.0,0.4568527285104064,2.4960857735528752e-17,5.941623247098444,3.9937372376846002e-16,2.7856693167702318,0.028606390211078872,0.01055,0.001034939001507869,1.0,0.0
grid,10,0.3,0.5,13.0,0.0,2.6000000000000005,1.9968686188423001e-16,2.597725,0.005639752229533354,26.0,0.0,98.0,0.0,0.4568527285104064,2.4960857735528752e-17,5.941623247098444,3.9937372376846002e-16,6.261360395759619,0.09222201510094062,0.011450000000000002,0.0014843718501351619,0.041425000000000003,0.0032145407382540253
grid,10,0.3,1.0,13.0,0.0,2.6000000000000005,1.9968686188423001e-16,2.5992999999999995,0.007140668905715537,26.0,0.0,98.0,0.0,0.4568527285104064,2.4960857735528752e-17,5.941623247098444,3.9937372376846002e-16,6.332617109237027,0.10630254725867506,0.010625,0.001451617518857027,0.23185000000000003,0.012371250041081031
grid,10,0.3,1.5,13.0,0.0,2.6000000000000005,1.9968686188423001e-16,2.5979750000000004,0.006787582233678467,26.0,0.0,98.0,0.0,0.4568527285104064,2.4960857735528752e-17,5.941623247098444,3.9937372376846002e-16,6.374778394220303,0.10192089001184522,0.010600000000000002,0.0017452748840949472,0.6648499999999999,0.012625235722656095
grid,10,0.3,2.0,13.0,0.0,2.6000000000000005,1.9968686188423001e-16,2.60495,0.006555521882954457,26.0,0.0,98.0,0.0,0.4568527285104064,2.4960857735528752e-17,5.941623247098444,3.9937372376846002e-16,6.358986031043544,0.0993276562142654,0.010875000000000001,0.0011830174399212778,0.9486000000000001,0.004383039224340251
grid,10,0.3,3.0,13.0,0.0,2.6000000000000005,1.9968686188423001e-16,2.6049499999999997,0.005763612153210127,26.0,0.0,98.0,0.0,0.4568527285104064,2.4960857735528752e-17,5.941623247098444,3.9937372376846002e-16,6.304056109032195,0.109275050204647,0.011600000000000003,0.0019413427800040065,0.9999500000000001,6.744822575793773e-05
grid,20,0.1,0.5,31.0,0.0,3.1000000000000005,1.9968686188423001e-16,3.0977500000000004,0.00702581188415822,62.0,0.0,264.0,0.0,0.3819660112501049,2.4960857735528752e-17,7.032247551122994,3.9937372376846002e-16,1.2834786706122199,0.015221396825037769,0.012975,0.0017566418171284118,0.551175,0.013918301792584957
grid,20,0.1,1.0,31.0,0.0,3.1000000000000005,1.9968686188423001e-16,3.0994499999999996,0.006820057400591886,62.0,0.0,264.0,0.0,0.3819660112501049,2.4960857735528752e-17,7.032247551122994,3.9937372376846002e-16,1.2741980646483877,0.013790885715277285,0.012300000000000002,0.0013422027456857313,0.9998000000000001,0.00016521373716300142
grid,20,0.1,1.5,31.0,0.0,3.1000000000000005,1.9968686188423001e-16,3.0985500000000004,0.0052721430577188175,62.0,0.0,264.0,0.0,0.3819660112501049,2.4960857735528752e-17,7.032247551122994,3.9937372376846002e-16,1.292645312875639,0.013604986355484848,0.010925,0.0016540866616385388,1.0,0.0
grid,20,0.1,2.0,31.0,0.0,3.1000000000000005,1.9968686188423001e-16,3.104375,0.006180045285986352,62.0,0.0,264.0,0.0,0.3819660112501049,2.4960857735528752e-17,7.032247551122994,3.9937372376846002e-16,1.297608828275679,0.01571375090719803,0.010275000000000001,0.0018870441798861269,1.0,0.0
grid,20,0.1,3.0,31.0,0.0,3.1000000000000005,1.9968686188423001e-16,3.101125,0.0050121263215483665,62.0,0.0,264.0,0.0,0.3819660112501049,2.4960857735528752e-17,7.032247551122994,3.9937372376846002e-16,1.2910142055029674,0.017773911052433863,0.009925,0.0016371928960716169,1.0,0.0
grid,20,0.2,0.5,31.0,0.0,3.1000000000000005,1.9968686188423001e-16,3.1004499999999995,0.007289368162641139,62.0,0.0,264.0,0.0,0.3819660112501049,2.4960857735528752e-17,7.032247551122994,3.9937372376846002e-16,5.154260672850528,0.0614172337845762,0.010275000000000001,0.0013423439632931171,0.07007500000000001,0.0046914511894676995
grid,20,0.2,1.0,31.0,0.0,3.1000000000000005,1.9968686188423001e-16,3.1017750000000004,0.008701859507871676,62.0,0.0,264.0,0.0,0.3819660112501049,2.4960857735528752e-17,7.032247551122994,3.9937372376846002e-16,5.241327873203279,0.05391375973733185,0.008500000000000002,0.0011308618045776555,0.522125,0.013782099593694948
grid,20,0.2,1.5,31.0,0.0,3.1000000000000005,1.9968686188423001e-16,3.0951500000000003,0.007333682940629782,62.0,0.0,264.0,0.0,0.3819660112501049,2.4960857735528752e-17,7.032247551122994,3.9937372376846002e-16,5.177293321137406,0.0682995117389871,0.010125000000000002,0.001710573234174347,0.9568500000000002,0.004261117249093989
grid,20,0.2,2.0,31.0,0.0,3.1000000000000005,1.9968686188423001e-16,3.10005,0.005823811358280943,62.0,0.0,264.0,0.0,0.3819660112501049,2.4960857735528752e-17,7.032247551122994,3.9937372376846002e-16,5.164130747200108,0.07426090122576161,0.0108,0.0017172458978504535,0.9996000000000003,0.00015248537462223428
grid,20,0.2,3.0,31.0,0.0,3.1000000000000005,1.9968686188423001e-16,3.1023000000000005,0.005706543317243747,62.0,0.0,264.0,0.0,0.3819660112501049,2.4960857735528752e-17,7.032247551122994,3.9937372376846002e-16,5.171353811371281,0.05050279952663442,0.009950000000000002,0.0014586084933394926,1.0,0.0
grid,20,0.3,0.5,31.0,0.0,3.1000000000000005,1.9968686188423001e-16,3.102175,0.006588738122936098,62.0,0.0,264.0,0.0,0.3819660112501049,2.4960857735528752e-17,7.032247551122994,3.9937372376846002e-16,11.576463831411818,0.12210669244540416,0.011525,0.0015502906179165245,0.028999999999999998,0.0020334145511533316
grid,20,0.3,1.0,31.0,0.0,3.1000000000000005,1.9968686188423001e-16,3.098775,0.007043766258562477,62.0,0.0,264.0,0.0,0.3819660112501049,2.4960857735528752e-17,7.032247551122994,3.9937372376846002e-16,11.646050657480437,0.1237884247948835,0.009575000000000004,0.0014951868568316485,0.16075,0.008357866700867734
grid,20,0.3,1.5,31.0,0.0,3.1000000000000005,1.9968686188423001e-16,3.09315,0.007659359063469891,62.0,0.0,264.0,0.0,0.3819660112501049,2.4960857735528752e-17,7.032247551122994,3.9937372376846002e-16,11.591847035710792,0.16239257875092503,0.010400000000000001,0.0014459042699621358,0.5445249999999999,0.01840531716508489
grid,20,0.3,2.0,31.0,0.0,3.1000000000000005,1.9968686188423001e-16,3.1026499999999997,0.0049165289638760015,62.0,0.0,264.0,0.0,0.3819660112501049,2.4960857735528752e-17,7.032247551122994,3.9937372376846002e-16,11.577154973576445,0.10496673167311583,0.010675,0.0013991330210263483,0.889875,0.005655593947123224
grid,20,0.3,3.0,31.0,0.0,3.1000000000000005,1.9968686188423001e-16,3.100925,0.005707816482684073,62.0,0.0,264.0,0.0,0.3819660112501049,2.4960857735528752e-17,7.032247551122994,3.9937372376846002e-16,11.538311654167195,0.09186553146188513,0.010625,0.0010201195750344275,0.9997750000000002,0.00011185022880713194
grid,40,0.1,0.5,67.0,0.0,3.35,0.0,3.3489750000000003,0.008404599552124957,134.0,0.0,602.0,0.0,0.1974165699222627,1.2480428867764376e-17,7.512389811858588,3.9937372376846002e-16,2.2931926820609347,0.020429438309597522,0.010425,0.0014348058918782084,0.38315000000000005,0.014770853455013142
grid,40,0.1,1.0,67.0,0.0,3.35,0.0,3.3571750000000002,0.007101584296923873,134.0,0.0,602.0,0.0,0.1974165699222627,1.2480428867764376e-17,7.512389811858588,3.9937372376846002e-16,2.2898690907276795,0.017368350463107387,0.010575000000000001,0.0013643801561611468,0.9963250000000002,0.0005831444255522249
grid,40,0.1,1.5,67.0,0.0,3.35,0.0,3.3514749999999993,0.006986482659204725,134.0,0.0,602.0,0.0,0.1974165699222627,1.2480428867764376e-17,7.512389811858588,3.9937372376846002e-16,2.300274177575461,0.018907914373982423,0.010750000000000001,0.0012221598655012794,1.0,0.0
grid,40,0.1,2.0,67.0,0.0,3.35,0.0,3.3495000000000004,0.006391191471161926,134.0,0.0,602.0,0.0,0.1974165699222627,1.2480428867764376e-17,7.512389811858588,3.9937372376846002e-16,2.289105641813255,0.014465549552185087,0.010325,0.001355086538312513,1.0,0.0
grid,40,0.1,3.0,67.0,0.0,3.35,0.0,3.348324999999999,0.010219704628031595,134.0,0.0,602.0,0.0,0.1974165699222627,1.2480428867764376e-17,7.512389811858588,3.9937372376846002e-16,2.300181364282144,0.01777831434929554,0.009500000000000003,0.0011768593351530344,1.0,0.0
grid,40,0.2,0.5,67.0,0.0,3.35,0.0,3.34935,0.008800808946072138,134.0,0.0,602.0,0.0,0.1974165699222627,1.2480428867764376e-17,7.512389811858588,3.9937372376846002e-16,9.217500867865766,0.08048066582622163,0.010125,0.000979677578540377,0.0451,0.003918452326056672
grid,40,0.2,1.0,67.0,0.0,3.35,0.0,3.35085,0.005531896809936837,134.0,0.0,602.0,0.0,0.1974165699222627,1.2480428867764376e-17,7.512389811858588,3.9937372376846002e-16,9.172846148271379,0.10003204037105345,0.009925,0.0011881336758037572,0.38407500000000006,0.01778088904739551
grid,40,0.2,1.5,67.0,0.0,3.35,0.0,3.3440999999999996,0.004376691757119978,134.0,0.0,602.0,0.0,0.1974165699222627,1.2480428867764376e-17,7.512389811858588,3.9937372376846002e-16,9.160413723259268,0.0825323646706661,0.010700000000000003,0.0013251473800854638,0.892775,0.00669799899027196
grid,40,0.2,2.0,67.0,0.0,3.35,0.0,3.3507000000000007,0.006314169095646797,134.0,0.0,602.0,0.0,0.1974165699222627,1.2480428867764376e-17,7.512389811858588,3.9937372376846002e-16,9.145080508127217,0.06785575036811095,0.0103,0.0009601999791710059,0.9961249999999999,0.0005547135344149824
grid,40,0.2,3.0,67.0,0.0,3.35,0.0,3.3493000000000004,0.006198227318736952,134.0,0.0,602.0,0.0,0.1974165699222627,1.2480428867764376e-17,7.512389811858588,3.9937372376846002e-16,9.118764650350702,0.07146247400927862,0.010950000000000001,0.0009667579025305473,1.0,0.0
grid,40,0.3,0.5,67.0,0.0,3.35,0.0,3.3518,0.00822339901551792,134.0,0.0,602.0,0.0,0.1974165699222627,1.2480428867764376e-17,7.512389811858588,3.9937372376846002e-16,20.732406357854433,0.15389182781506772,0.009225000000000002,0.0012487033063816324,0.020175000000000005,0.0017360913600747846
grid,40,0.3,1.0,67.0,0.0,3.35,0.0,3.355625,0.005812506276170925,134.0,0.0,602.0,0.0,0.1974165699222627,1.2480428867764376e-17,7.512389811858588,3.9937372376846002e-16,20.559741883379804,0.16155275442007802,0.011325000000000002,0.0011987223681025868,0.1048,0.006055917575744448
grid,40,0.3,1.5,67.0,0.0,3.35,0.0,3.3486499999999992,0.008283631939268146,134.0,0.0,602.0,0.0,0.1974165699222627,1.2480428867764376e-17,7.512389811858588,3.9937372376846002e-16,20.5199518097232,0.1693949383016395,0.010450000000000001,0.0018194359449826027,0.391375,0.014179442188939372
grid,40,0.3,2.0,67.0,0.0,3.35,0.0,3.3484749999999996,0.00644807037231419,134.0,0.0,602.0,0.0,0.1974165699222627,1.2480428867764376e-17,7.512389811858588,3.9937372376846002e-16,20.66041981287805,0.15264624050023645,0.00975,0.0014281408599257544,0.7702,0.009820455493777419
grid,40,0.3,3.0,67.0,0.0,3.35,0.0,3.3534999999999995,0.006721926259010824,134.0,0.0,602.0,0.0,0.1974165699222627,1.2480428867764376e-17,7.512389811858588,3.9937372376846002e-16,20.626788514138575,0.18773064116986146,0.011400000000000002,0.0014770323019665588,0.9960999999999999,0.0006616193849384342
grid,80,0.1,0.5,142.0,0.0,3.5499999999999994,1.9968686188423001e-16,3.5518500000000004,0.004246263273688255,284.0,0.0,1322.0,0.0,0.1200140901580395,0.0,7.758055654248767,7.9874744753692005e-16,4.208315946839903,0.028485897514845895,0.009800000000000003,0.0014011637268619556,0.22885,0.011275739499614109
grid,80,0.1,1.0,142.0,0.0,3.5499999999999994,1.9968686188423001e-16,3.552225,0.006223487341050073,284.0,0.0,1322.0,0.0,0.1200140901580395,0.0,7.758055654248767,7.9874744753692005e-16,4.171643766441273,0.023606664892270906,0.011125000000000001,0.0016458150276574698,0.98245,0.0019207947368348997
grid,80,0.1,1.5,142.0,0.0,3.5499999999999994,1.9968686188423001e-16,3.556549999999999,0.005445234691186872,284.0,0.0,1322.0,0.0,0.1200140901580395,0.0,7.758055654248767,7.9874744753692005e-16,4.190123502966137,0.02652648357774813,0.010775000000000002,0.0014280966169585379,1.0,0.0
grid,80,0.1,2.0,142.0,0.0,3.5499999999999994,1.9968686188423001e-16,3.5519,0.004773864946384183,284.0,0.0,1322.0,0.0,0.1200140901580395,0.0,7.758055654248767,7.9874744753692005e-16,4.197350996755126,0.022324284970601144,0.010425,0.001097459530485125,1.0,0.0
grid,80,0.1,3.0,142.0,0.0,3.5499999999999994,1.9968686188423001e-16,3.5483500000000006,0.0059458670475691505,284.0,0.0,1322.0,0.0,0.1200140901580395,0.0,7.758055654248767,7.9874744753692005e-16,4.1662675037604915,0.02202386358020443,0.011475000000000003,0.0011949212482308964,1.0,0.0
grid,80,0.2,0.5,142.0,0.0,3.5499999999999994,1.9968686188423001e-16,3.550025,0.0059298524832987155,284.0,0.0,1322.0,0.0,0.1200140901580395,0.0,7.758055654248767,7.9874744753692005e-16,16.74665199917695,0.09025388667592368,0.009500000000000001,0.0016071622588636745,0.032225,0.0032350743829405054
grid,80,0.2,1.0,142.0,0.0,3.5499999999999994,1.9968686188423001e-16,3.54585,0.005780338744398986,284.0,0.0,1322.0,0.0,0.1200140901580395,0.0,7.758055654248767,7.9874744753692005e-16,16.730151028516048,0.14158434204891687,0.01,0.0014325582563703076,0.2372,0.014388849440122939
grid,80,0.2,1.5,142.0,0.0,3.5499999999999994,1.9968686188423001e-16,3.5509250000000008,0.006646787950027559,284.0,0.0,1322.0,0.0,0.1200140901580395,0.0,7.758055654248767,7.9874744753692005e-16,16.69924876956528,0.10385790206878218,0.011125000000000001,0.0012615903705870202,0.769525,0.010649435515062453
grid,80,0.2,2.0,142.0,0.0,3.5499999999999994,1.9968686188423001e-16,3.5476,0.005267682922160468,284.0,0.0,1322.0,0.0,0.1200140901580395,0.0,7.758055654248767,7.9874744753692005e-16,16.638633241156352,0.11974320042233638,0.011850000000000003,0.001556189069828159,0.9829500000000001,0.0019260507180292672
grid,80,0.2,3.0,142.0,0.0,3.5499999999999994,1.9968686188423001e-16,3.548800000000001,0.0050480640166096795,284.0,0.0,1322.0,0.0,0.1200140901580395,0.0,7.758055654248767,7.9874744753692005e-16,16.699753368019323,0.10224281225746179,0.010400000000000001,0.001761132171733794,1.0,0.0
grid,80,0.3,0.5,142.0,0.0,3.5499999999999994,1.9968686188423001e-16,3.5507499999999994,0.0058956677225516195,284.0,0.0,1322.0,0.0,0.1200140901580395,0.0,7.758055654248767,7.9874744753692005e-16,37.91666917127771,0.23706554259318657,0.009225000000000002,0.0013794861552881125,0.015175000000000003,0.0015515942734728317
grid,80,0.3,1.0,142.0,0.0,3.5499999999999994,1.9968686188423001e-16,3.547475,0.006261544533688827,284.0,0.0,1322.0,0.0,0.1200140901580395,0.0,7.758055654248767,7.9874744753692005e-16,37.650579686471296,0.21861497167170652,0.009600000000000001,0.0011254852520720027,0.0626,0.004224482677765035
grid,80,0.3,1.5,142.0,0.0,3.5499999999999994,1.9968686188423001e-16,3.54615,0.004987470849406979,284.0,0.0,1322.0,0.0,0.1200140901580395,0.0,7.758055654248767,7.9874744753692005e-16,37.620085105081685,0.22513620959708386,0.011025000000000002,0.0013479805363267637,0.23645,0.011498752142824248
grid,80,0.3,2.0,142.0,0.0,3.5499999999999994,1.9968686188423001e-16,3.5498999999999996,0.0063457912450943215,284.0,0.0,1322.0,0.0,0.1200140901580395,0.0,7.758055654248767,7.9874744753692005e-16,37.795914846509056,0.24612658247009503,0.0105,0.0013281954516917817,0.5854250000000001,0.014225069958203706
grid,80,0.3,3.0,142.0,0.0,3.5499999999999994,1.9968686188423001e-16,3.5465999999999993,0.006138900227239422,284.0,0.0,1322.0,0.0,0.1200140901580395,0.0,7.758055654248767,7.9874744753692005e-16,37.67195103789205,0.15847578198758566,0.010325,0.0009385703293615746,0.982375,0.0019688451731381747
path,10,0.1,0.5,9.0,0.0,1.7999999999999996,1.9968686188423001e-16,1.7998749999999997,0.0039806994558613355,18.0,0.0,52.0,0.0,0.09788696740969274,6.240214433882188e-18,3.9021130325903064,1.9968686188423001e-16,0.5041214076565036,0.004632944367593193,0.010775000000000002,0.0008027157522730998,0.6380500000000001,0.009003460960272882
path,10,0.1,1.0,9.0,0.0,1.7999999999999996,1.9968686188423001e-16,1.7975249999999998,0.0038690408100036486,18.0,0.0,52.0,0.0,0.09788696740969274,6.240214433882188e-18,3.9021130325903064,1.9968686188423001e-16,0.5086815689158358,0.007840272348165991,0.009475,0.0014192203011364707,0.999475,0.00021884613676952694
path,10,0.1,1.5,9.0,0.0,1.7999999999999996,1.9968686188423001e-16,1.8011000000000004,0.003087266070404958,18.0,0.0,52.0,0.0,0.09788696740969274,6.240214433882188e-18,3.9021130325903064,1.9968686188423001e-16,0.5062449375463546,0.010322892688816566,0.010475000000000002,0.0015106579082603292,1.0,0.0
path,10,0.1,2.0,9.0,0.0,1.7999999999999996,1.9968686188423001e-16,1.8009499999999998,0.004100188930178448,18.0,0.0,52.0,0.0,0.09788696740969274,6.240214433882188e-18,3.9021130325903064,1.9968686188423001e-16,0.49925697506586236,0.00686462632373527,0.010525000000000001,0.001093306404781771,1.0,0.0
path,10,0.1,3.0,9.0,0.0,1.7999999999999996,1.9968686188423001e-16,1.80185,0.0036036265651496944,18.0,0.0,52.0,0.0,0.09788696740969274,6.240214433882188e-18,3.9021130325903064,1.9968686188423001e-16,0.49560788983987225,0.006664430196781689,0.011500000000000002,0.001297392526732389,1.0,0.0
path,10,0.2,0.5,9.0,0.0,1.7999999999999996,1.9968686188423001e-16,1.7982749999999996,0.004413422940601941,18.0,0.0,52.0,0.0,0.09788696740969274,6.240214433882188e-18,3.9021130325903064,1.9968686188423001e-16,2.018930175934063,0.026241047935446838,0.010525000000000001,0.0010604492344979876,0.09897500000000001,0.0044413943934191145
path,10,0.2,1.0,9.0,0.0,1.7999999999999996,1.9968686188423001e-16,1.799,0.004054380866485814,18.0,0.0,52.0,0.0,0.09788696740969274,6.240214433882188e-18,3.9021130325903064,1.9968686188423001e-16,2.0171689252267795,0.030368799110614346,0.010075,0.0013287186348231576,0.6378000000000001,0.013366439151058413
path,10,0.2,1.5,9.0,0.0,1.7999999999999996,1.9968686188423001e-16,1.7990749999999998,0.0038826041925220083,18.0,0.0,52.0,0.0,0.09788696740969274,6.240214433882188e-18,3.9021130325903064,1.9968686188423001e-16,2.000796187712792,0.0316869961090975,0.010650000000000001,0.001427432807894169,0.967,0.002849194161235954
path,10,0.2,2.0,9.0,0.0,1.7999999999999996,1.9968686188423001e-16,1.7975,0.003940577569208275,18.0,0.0,52.0,0.0,0.09788696740969274,6.240214433882188e-18,3.9021130325903064,1.9968686188423001e-16,1.9923205424951067,0.029441693447096278,0.01105,0.0017457092662024978,0.9997000000000001,0.00016521373716300077
path,10,0.2,3.0,9.0,0.0,1.7999999999999996,1.9968686188423001e-16,1.800425,0.0044719044041660865,18.0,0.0,52.0,0.0,0.09788696740969274,6.240214433882188e-18,3.9021130325903064,1.9968686188423001e-16,2.022312032002999,0.026568326486457496,0.009650000000000002,0.0013640559488448218,1.0,0.0
path,10,0.3,0.5,9.0,0.0,1.7999999999999996,1.9968686188423001e-16,1.7984999999999995,0.004840320781018331,18.0,0.0,52.0,0.0,0.09788696740969274,6.240214433882188e-18,3.9021130325903064,1.9968686188423001e-16,4.538475129850826,0.07461682047521397,0.010475000000000003,0.0013118732889710765,0.037000000000000005,0.0038180965221732647
path,10,0.3,1.0,9.0,0.0,1.7999999999999996,1.9968686188423001e-16,1.798975,0.0034299815788978926,18.0,0.0,52.0,0.0,0.09788696740969274,6.240214433882188e-18,3.9021130325903064,1.9968686188423001e-16,4.507950668994577,0.0834811412958274,0.010625,0.0013802188041641878,0.22702499999999998,0.0124694068128022
path,10,0.3,1.5,9.0,0.0,1.7999999999999996,1.9968686188423001e-16,1.8014500000000002,0.0037201295676360553,18.0,0.0,52.0,0.0,0.09788696740969274,6.240214433882188e-18,3.9021130325903064,1.9968686188423001e-16,4.532002092928968,0.0894946027099839,0.011300000000000001,0.002007647169672684,0.6386,0.016128386325782382
path,10,0.3,2.0,9.0,0.0,1.7999999999999996,1.9968686188423001e-16,1.7975249999999998,0.005097425660901886,18.0,0.0,52.0,0.0,0.09788696740969274,6.240214433882188e-18,3.9021130325903064,1.9968686188423001e-16,4.528208893888414,0.07574655649430426,0.011150000000000002,0.001119857227742142,0.915625,0.006757504035475949
path,10,0.3,3.0,9.0,0.0,1.7999999999999996,1.9968686188423001e-16,1.7985750000000003,0.0037278494647154073,18.0,0.0,52.0,0.0,0.09788696740969274,6.240214433882188e-18,3.9021130325903064,1.9968686188423001e-16,4.554764996013145,0.047431568839844236,0.010900000000000002,0.0014158773363462484,0.9993000000000001,0.00024004999479274695
path,20,0.1,0.5,19.0,0.0,1.8999999999999997,9.984343094211501e-17,1.898775,0.002930075793882272,38.0,0.0,112.0,0.0,0.024623318809724182,0.0,3.975376681190274,5.9906058565269e-16,0.8205239715432636,0.008167124807717044,0.010275000000000001,0.0013214708511829973,0.5027,0.01342247936936588
path,20,0.1,1.0,19.0,0.0,1.8999999999999997,9.984343094211501e-17,1.89935,0.002206403646804357,38.0,0.0,112.0,0.0,0.024623318809724182,0.0,3.975376681190274,5.9906058565269e-16,0.8197032459957528,0.008626105797934847,0.0105,0.0014307929343733258,0.99745,0.0006512237872288106
path,20,0.1,1.5,19.0,0.0,1.8999999999999997,9.984343094211501e-17,1.9008750000000003,0.002164511309863348,38.0,0.0,112.0,0.0,0.024623318809724182,0.0,3.975376681190274,5.9906058565269e-16,0.8182218687685461,0.01081130208058311,0.010900000000000002,0.0013063227617609425,1.0,0.0
path,20,0.1,2.0,19.0,0.0,1.8999999999999997,9.984343094211501e-17,1.9019000000000001,0.003115786831435592,38.0,0.0,112.0,0.0,0.024623318809724182,0.0,3.975376681190274,5.9906058565269e-16,0.8264752377274031,0.008619258527048004,0.009050000000000002,0.0010709434109576865,1.0,0.0
path,20,0.1,3.0,19.0,0.0,1.8999999999999997,9.984343094211501e-17,1.90035,0.0029202476823577523,38.0,0.0,112.0,0.0,0.024623318809724182,0.0,3.975376681190274,5.9906058565269e-16,0.8217999763363475,0.01148406163056459,0.010425,0.0011020557584518317,1.0,0.0
path,20,0.2,0.5,19.0,0.0,1.8999999999999997,9.984343094211501e-17,1.9011999999999998,0.0027676611444550562,38.0,0.0,112.0,0.0,0.024623318809724182,0.0,3.975376681190274,5.9906058565269e-16,3.2650715503892505,0.0291934095639259,0.010625,0.001451617518857027,0.06484999999999999,0.004636626064624781
path,20,0.2,1.0,19.0,0.0,1.8999999999999997,9.984343094211501e-17,1.899525,0.0024959641001973012,38.0,0.0,112.0,0.0,0.024623318809724182,0.0,3.975376681190274,5.9906058565269e-16,3.259724425628267,0.03679470867620768,0.010875000000000001,0.0013673407729873647,0.51265,0.013034387805865081
path,20,0.2,1.5,19.0,0.0,1.8999999999999997,9.984343094211501e-17,1.899775,0.0027868399289291304,38.0,0.0,112.0,0.0,0.024623318809724182,0.0,3.975376681190274,5.9906058565269e-16,3.2427992078817125,0.03729182314756329,0.01105,0.0014586084933394926,0.9460500000000002,0.003807424298587389
path,20,0.2,2.0,19.0,0.0,1.8999999999999997,9.984343094211501e-17,1.9003749999999997,0.0025024362340054134,38.0,0.0,112.0,0.0,0.024623318809724182,0.0,3.975376681190274,5.9906058565269e-16,3.2477912991388633,0.03946932001330818,0.010850000000000002,0.0011422029499819058,0.9977,0.00047904598175079214
path,20,0.2,3.0,19.0,0.0,1.8999999999999997,9.984343094211501e-17,1.8999499999999998,0.0029732523039859796,38.0,0.0,112.0,0.0,0.024623318809724182,0.0,3.975376681190274,5.9906058565269e-16,3.302530908657297,0.030239802541687805,0.010125000000000002,0.0011999867323827947,1.0,0.0
path,20,0.3,0.5,19.0,0.0,1.8999999999999997,9.984343094211501e-17,1.90195,0.0028071033581180955,38.0,0.0,112.0,0.0,0.024623318809724182,0.0,3.975376681190274,5.9906058565269e-16,7.335202483382001,0.086298659974328,0.011450000000000002,0.0014164127409168484,0.028999999999999998,0.0032009297991282735
path,20,0.3,1.0,19.0,0.0,1.8999999999999997,9.984343094211501e-17,1.90165,0.002725053007693035,38.0,0.0,112.0,0.0,0.024623318809724182,0.0,3.975376681190274,5.9906058565269e-16,7.380770681988698,0.10673952621378262,0.010575000000000001,0.0018597930133839034,0.145825,0.00923005551388905
path,20,0.3,1.5,19.0,0.0,1.8999999999999997,9.984343094211501e-17,1.9029999999999998,0.002533676338736603,38.0,0.0,112.0,0.0,0.024623318809724182,0.0,3.975376681190274,5.9906058565269e-16,7.406250686731566,0.08798381924699311,0.009275000000000002,0.0011252045194213877,0.49787499999999996,0.013976939494452244
path,20,0.3,2.0,19.0,0.0,1.8999999999999997,9.984343094211501e-17,1.900375,0.0034493794636442274,38.0,0.0,112.0,0.0,0.024623318809724182,0.0,3.975376681190274,5.9906058565269e-16,7.3713094168651,0.06674923738061828,0.009925000000000002,0.0013056938264467105,0.8619249999999999,0.006336893523353202
path,20,0.3,3.0,19.0,0.0,1.8999999999999997,9.984343094211501e-17,1.8993750000000003,0.0029901835447977095,38.0,0.0,112.0,0.0,0.024623318809724182,0.0,3.975376681190274,5.9906058565269e-16,7.344558408190403,0.08799717973520006,0.011625000000000002,0.001418151409777049,0.99745,0.0004259871507822516
path,40,0.1,0.5,39.0,0.0,1.9500000000000004,1.9968686188423001e-16,1.9501249999999999,0.0016519461409596923,78.0,0.0,232.0,0.0,0.006165332533743533,0.0,3.993834667466257,3.9937372376846002e-16,1.3820059013871204,0.00909664451889905,0.010150000000000001,0.0010475606752933467,0.33625,0.010488747303658334
path,40,0.1,1.0,39.0,0.0,1.9500000000000004,1.9968686188423001e-16,1.9499250000000004,0.001749144317117737,78.0,0.0,232.0,0.0,0.006165332533743533,0.0,3.993834667466257,3.9937372376846002e-16,1.3698984970083488,0.0120195433366203,0.011450000000000002,0.0011852052009762074,0.99315,0.001245917206001475
path,40,0.1,1.5,39.0,0.0,1.9500000000000004,1.9968686188423001e-16,1.950275,0.0025121131700119232,78.0,0.0,232.0,0.0,0.006165332533743533,0.0,3.993834667466257,3.9937372376846002e-16,1.3742894607346945,0.011940423227528115,0.012125000000000002,0.0013691879075991684,1.0,0.0
path,40,0.1,2.0,39.0,0.0,1.9500000000000004,1.9968686188423001e-16,1.9497750000000003,0.0022068331561192816,78.0,0.0,232.0,0.0,0.006165332533743533,0.0,3.993834667466257,3.9937372376846002e-16,1.3617139268449907,0.009201109780917283,0.011075000000000003,0.0011381575832065287,1.0,0.0
path,40,0.1,3.0,39.0,0.0,1.9500000000000004,1.9968686188423001e-16,1.950075,0.0021591334884746433,78.0,0.0,232.0,0.0,0.006165332533743533,0.0,3.993834667466257,3.9937372376846002e-16,1.371002251510773,0.014359672984615818,0.010475000000000002,0.0013554595064715913,1.0,0.0
path,40,0.2,0.5,39.0,0.0,1.9500000000000004,1.9968686188423001e-16,1.9509,0.002196645576663136,78.0,0.0,232.0,0.0,0.006165332533743533,0.0,3.993834667466257,3.9937372376846002e-16,5.507441948994609,0.04184421892370896,0.01045,0.0013184551566132235,0.041375,0.00313218970824263
path,40,0.2,1.0,39.0,0.0,1.9500000000000004,1.9968686188423001e-16,1.9497,0.0026107100869102104,78.0,0.0,232.0,0.0,0.006165332533743533,0.0,3.993834667466257,3.9937372376846002e-16,5.43976956799563,0.03757943604011691,0.012625000000000003,0.0014127948225153982,0.35562499999999997,0.01202624436060787
path,40,0.2,1.5,39.0,0.0,1.9500000000000004,1.9968686188423001e-16,1.948325,0.002168477649363606,78.0,0.0,232.0,0.0,0.006165332533743533,0.0,3.993834667466257,3.9937372376846002e-16,5.471346078141142,0.0504326119336247,0.011125000000000001,0.0017311346294448502,0.8799249999999998,0.00747505525767289
path,40,0.2,2.0,39.0,0.0,1.9500000000000004,1.9968686188423001e-16,1.9502249999999997,0.0027365062147120885,78.0,0.0,232.0,0.0,0.006165332533743533,0.0,3.993834667466257,3.9937372376846002e-16,5.502147103488943,0.04871640269780009,0.009675000000000003,0.0014348058918782082,0.993125,0.000762012398020428
path,40,0.2,3.0,39.0,0.0,1.9500000000000004,1.9968686188423001e-16,1.9501000000000002,0.001982564845956124,78.0,0.0,232.0,0.0,0.006165332533743533,0.0,3.993834667466257,3.9937372376846002e-16,5.518902648003243,0.056839793937464765,0.009875,0.0016473499452469905,1.0,0.0
path,40,0.3,0.5,39.0,0.0,1.9500000000000004,1.9968686188423001e-16,1.9491500000000002,0.0024711591569438317,78.0,0.0,232.0,0.0,0.006165332533743533,0.0,3.993834667466257,3.9937372376846002e-16,12.361390422885282,0.10182439689547335,0.009925000000000002,0.0015153351375017238,0.020275,0.0020202904819799916
path,40,0.3,1.0,39.0,0.0,1.9500000000000004,1.9968686188423001e-16,1.949625,0.0020082450442848805,78.0,0.0,232.0,0.0,0.006165332533743533,0.0,3.993834667466257,3.9937372376846002e-16,12.379601926715718,0.08986920646241309,0.010400000000000003,0.0010912818151146842,0.091175,0.004980967624235698
path,40,0.3,1.5,39.0,0.0,1.9500000000000004,1.9968686188423001e-16,1.9497500000000003,0.002116842982019776,78.0,0.0,232.0,0.0,0.006165332533743533,0.0,3.993834667466257,3.9937372376846002e-16,12.266683315093562,0.08323209382884907,0.011800000000000001,0.0017304410146731833,0.357125,0.009926296057495594
path,40,0.3,2.0,39.0,0.0,1.9500000000000004,1.9968686188423001e-16,1.9502250000000003,0.0017723974099922914,78.0,0.0,232.0,0.0,0.006165332533743533,0.0,3.993834667466257,3.9937372376846002e-16,12.395236626152244,0.10507536268160346,0.009625000000000003,0.000816451726100589,0.736325,0.010803015979954757
path,40,0.3,3.0,39.0,0.0,1.9500000000000004,1.9968686188423001e-16,1.9509750000000001,0.0020014376280432468,78.0,0.0,232.0,0.0,0.006165332533743533,0.0,3.993834667466257,3.9937372376846002e-16,12.429031758442209,0.11601657161661907,0.010025000000000001,0.0015256408317059493,0.992675,0.0009331692180273044
path,80,0.1,0.5,79.0,0.0,1.9750000000000003,9.984343094211501e-17,1.975725,0.0014768183974163396,158.0,0.0,472.0,0.0,0.0015419275185532101,9.750335052940919e-20,3.998458072481445,1.9968686188423001e-16,2.3850671128138643,0.020436634874322186,0.010625,0.0017956308816563316,0.2103,0.012721020680664531
path,80,0.1,1.0,79.0,0.0,1.9750000000000003,9.984343094211501e-17,1.9759499999999999,0.0017165098616853851,158.0,0.0,472.0,0.0,0.0015419275185532101,9.750335052940919e-20,3.998458072481445,1.9968686188423001e-16,2.3903322728280205,0.013760135062521989,0.010375,0.0012575773493005047,0.9804000000000002,0.0018314811952136081
path,80,0.1,1.5,79.0,0.0,1.9750000000000003,9.984343094211501e-17,1.9746,0.001597066125909101,158.0,0.0,472.0,0.0,0.0015419275185532101,9.750335052940919e-20,3.998458072481445,1.9968686188423001e-16,2.385917406209769,0.012316948557400405,0.010525000000000001,0.001116183794523955,1.0,0.0
path,80,0.1,2.0,79.0,0.0,1.9750000000000003,9.984343094211501e-17,1.9761249999999997,0.0016069656761146234,158.0,0.0,472.0,0.0,0.0015419275185532101,9.750335052940919e-20,3.998458072481445,1.9968686188423001e-16,2.3828176384843758,0.012211599976207684,0.01055,0.0013710786379996398,1.0,0.0
path,80,0.1,3.0,79.0,0.0,1.9750000000000003,9.984343094211501e-17,1.9748999999999999,0.0016096763976846918,158.0,0.0,472.0,0.0,0.0015419275185532101,9.750335052940919e-20,3.998458072481445,1.9968686188423001e-16,2.379927221972976,0.011050772291760456,0.010925,0.0009935108136513188,1.0,0.0
path,80,0.2,0.5,79.0,0.0,1.9750000000000003,9.984343094211501e-17,1.9754499999999997,0.001299144576857768,158.0,0.0,472.0,0.0,0.0015419275185532101,9.750335052940919e-20,3.998458072481445,1.9968686188423001e-16,9.513694840170592,0.0710204428808174,0.012175000000000002,0.0015269655323032361,0.030725000000000002,0.0033577468871096787
path,80,0.2,1.0,79.0,0.0,1.9750000000000003,9.984343094211501e-17,1.9748749999999997,0.0012971489992733328,158.0,0.0,472.0,0.0,0.0015419275185532101,9.750335052940919e-20,3.998458072481445,1.9968686188423001e-16,9.505011574298218,0.05217348571393171,0.010950000000000001,0.0011527750499509752,0.210275,0.00967893790117164
path,80,0.2,1.5,79.0,0.0,1.9750000000000003,9.984343094211501e-17,1.9743000000000002,0.0015436330352024763,158.0,0.0,472.0,0.0,0.0015419275185532101,9.750335052940919e-20,3.998458072481445,1.9968686188423001e-16,9.557328221538778,0.06118755992994644,0.01025,0.001300311298760497,0.7193,0.0115041358604085
path,80,0.2,2.0,79.0,0.0,1.9750000000000003,9.984343094211501e-17,1.9748249999999998,0.0015170020816694647,158.0,0.0,472.0,0.0,0.0015419275185532101,9.750335052940919e-20,3.998458072481445,1.9968686188423001e-16,9.58604217014249,0.05822770809987644,0.009075000000000001,0.0013955155810101531,0.97915,0.0017300027989025175
path,80,0.2,3.0,79.0,0.0,1.9750000000000003,9.984343094211501e-17,1.9758999999999998,0.0016346051189008426,158.0,0.0,472.0,0.0,0.0015419275185532101,9.750335052940919e-20,3.998458072481445,1.9968686188423001e-16,9.529769264525616,0.06229765984396436,0.011250000000000001,0.0016032260240560364,0.9999500000000001,6.744822575793773e-05
path,80,0.3,0.5,79.0,0.0,1.9750000000000003,9.984343094211501e-17,1.9744249999999997,0.0010765336917503716,158.0,0.0,472.0,0.0,0.0015419275185532101,9.750335052940919e-20,3.998458072481445,1.9968686188423001e-16,21.37338411011653,0.12731729908590558,0.011000000000000001,0.0011595516374875248,0.018650000000000003,0.0023398259494424385
path,80,0.3,1.0,79.0,0.0,1.9750000000000003,9.984343094211501e-17,1.97505,0.0009719723842730627,158.0,0.0,472.0,0.0,0.0015419275185532101,9.750335052940919e-20,3.998458072481445,1.9968686188423001e-16,21.443680607135477,0.16350387320525803,0.010825000000000001,0.002111792590991933,0.05735,0.0051111041344981635
path,80,0.3,1.5,79.0,0.0,1.9750000000000003,9.984343094211501e-17,1.9757500000000001,0.0016559573475310515,158.0,0.0,472.0,0.0,0.0015419275185532101,9.750335052940919e-20,3.998458072481445,1.9968686188423001e-16,21.53203578705866,0.14451025988882368,0.008775000000000002,0.001074653897773604,0.20307499999999998,0.011557370423468442
path,80,0.3,2.0,79.0,0.0,1.9750000000000003,9.984343094211501e-17,1.9748250000000003,0.0017404532228855229,158.0,0.0,472.0,0.0,0.0015419275185532101,9.750335052940919e-20,3.998458072481445,1.9968686188423001e-16,21.560988514002737,0.11994980931422135,0.009825000000000002,0.0009222721084936176,0.5333249999999999,0.013905403211474454
path,80,0.3,3.0,79.0,0.0,1.9750000000000003,9.984343094211501e-17,1.9751999999999998,0.0014083603007902796,158.0,0.0,472.0,0.0,0.0015419275185532101,9.750335052940919e-20,3.998458072481445,1.9968686188423001e-16,21.422337699468667,0.12236959378081436,0.010925,0.0013494796463042612,0.9823750000000002,0.0017600914300414203
random_geometric,10,0.1,0.5,14.45,1.8565626982764623,2.8899999999999997,0.3713125396552925,2.88835,0.3694277248083211,28.9,3.7131253965529245,136.6,31.766260605272773,0.30731757559278117,0.08013294323394955,6.218539202557539,0.5151977735556419,0.8008723030125653,0.09259149943016277,0.00975,0.0013703411023690798,0.5966750000000001,0.023578949098272968
random_geometric,10,0.1,1.0,14.7,1.296223177664938,2.94,0.2592446355329876,2.926075,0.2588947259826503,29.4,2.592446355329876,136.9,22.203070797574494,0.30907652612056286,0.07620839148965165,6.274696687840615,0.4052259357072128,0.8089127458595504,0.06599439998782512,0.01105,0.0012084343067309085,0.9879999999999999,0.006166996027240497
random_geometric,10,0.1,1.5,14.75,1.5106997333059027,2.9499999999999997,0.30213994666118066,2.9487499999999995,0.2989245328154706,29.5,3.0213994666118054,136.7,26.858023143148387,0.34581687932629585,0.09105509850692069,6.388905221470749,0.43112866598676625,0.8114105049742346,0.08029797924500479,0.010300000000000002,0.0013683108295689942,1.0,0.0
random_geometric,10,0.1,2.0,13.1,1.2140680636430128,2.62,0.24281361272860258,2.6293499999999996,0.2434880545047874,26.2,2.4281361272860256,113.2,18.903480849053334,0.23994637386534517,0.037259911993694654,6.186959059821843,0.455065196213854,0.733781267857527,0.06303353422019059,0.010725000000000002,0.001904375833649827,1.0,0.0
random_geometric,10,0.1,3.0,13.15,0.9879623900789575,2.63,0.19759247801579147,2.635775,0.201646062534672,26.3,1.975924780157915,109.0,14.26334632619753,0.24178646660471798,0.05825465415891899,5.732062268114553,0.2689562368297455,0.7234661193944739,0.047157986788605985,0.010075000000000004,0.0013076280454560301,1.0,0.0
random_geometric,10,0.2,0.5,14.3,1.3719999999999999,2.86,0.2744,2.87225,0.27352322622248715,28.6,2.7439999999999998,130.5,24.271158626086056,0.33441055409049714,0.10653640219658411,6.2719813872053605,0.4345781085900481,3.18776486347206,0.2858530431258379,0.0099,0.0010982077264918126,0.100975,0.006281693783484967
random_geometric,10,0.2,1.0,13.45,1.3069030487941207,2.69,0.26138060975882416,2.6918250000000006,0.2661475544575543,26.9,2.6138060975882413,116.5,20.942284900222923,0.2599303389191976,0.04058807106146672,5.963917641877539,0.38846243979680967,2.9809378800288884,0.25801856435302745,0.010600000000000002,0.001127728597435431,0.60145,0.018285519603169455
random_geometric,10,0.2,1.5,13.9,1.3482148821389908,2.78,0.2696429764277981,2.777925,0.27691081790761285,27.8,2.6964297642779815,123.6,23.51243387074838,0.26941613327624964,0.051232906140994613,6.011619607431027,0.4220415742592097,3.0557107916771047,0.2827365809207079,0.010375000000000002,0.0007620123980204271,0.9154,0.015757274717612676
random_geometric,10,0.2,2.0,14.55,1.4394223256497543,2.9100000000000006,0.2878844651299508,2.9102999999999994,0.2843982376857087,29.1,2.8788446512995085,136.6,27.051288892340086,0.3032390525506417,0.060676695037910545,6.288190388804882,0.40751452520063947,3.2504152076090898,0.27128010830735355,0.01,0.0009538619562488839,0.9893249999999998,0.004357405378385046
random_geometric,10,0.2,3.0,14.1,1.7867769277315189,2.8200000000000007,0.3573553855463037,2.80875,0.35733485017631045,28.2,3.5735538554630377,129.1,31.213269229608095,0.2928812672080433,0.0871994053100603,6.074325334680159,0.5330289598690505,3.1084451582401327,0.3602929522736062,0.010475000000000002,0.0009228200200871698,1.0,0.0
random_geometric,10,0.3,0.5,14.1,1.1888248067114981,2.82,0.2377649613422997,2.8193,0.23836887931103756,28.2,2.3776496134229963,126.6,21.710646895741704,0.2564608306254334,0.032968436049556765,6.173089567987813,0.45557081752265033,6.982331944607843,0.5003516144416684,0.010125,0.0015146678461664545,0.038825000000000005,0.002976119789255802
random_geometric,10,0.3,1.0,14.15,1.6291845554722992,2.8299999999999996,0.32583691109445984,2.825525,0.3244738840564587,28.3,3.2583691109445985,131.3,28.27220663850854,0.30284322412607734,0.09932815554574309,6.252112879793212,0.5323128222350285,7.015566422406401,0.7297913931443707,0.011375000000000001,0.0013374397182677057,0.22817500000000002,0.012107384460472218
random_geometric,10,0.3,1.5,14.4,1.2264948773682367,2.88,0.2452989754736474,2.8837750000000004,0.24166791712018895,28.8,2.4529897547364734,130.6,20.309471039264825,0.3084608904201894,0.07634676261928605,6.1873484809443955,0.4174476317760688,7.161027077426866,0.5833502750606484,0.010225000000000001,0.0008575184208547727,0.60955,0.018599751039646797
random_geometric,10,0.3,2.0,14.2,1.1691025798043828,2.84,0.23382051596087655,2.84155,0.24137672028725468,28.4,2.3382051596087656,126.5,20.273151028677777,0.34794900814576696,0.07054250622415524,6.086074584283059,0.33872605588641563,7.024900615675195,0.5408773458884398,0.010900000000000002,0.001361273861614844,0.851125,0.020198197411754607
random_geometric,10,0.3,3.0,16.15,1.6599207970959273,3.2300000000000004,0.3319841594191854,3.2298250000000004,0.33292206527014223,32.3,3.3198415941918547,163.4,31.35239118220659,0.4141357494466361,0.10283813355620289,6.868050861392123,0.5054751502963479,7.996181380390913,0.7567701209413529,0.010225000000000001,0.0009498126962168576,0.9842500000000003,0.008441813037992556
random_geometric,20,0.1,0.5,53.75,4.640113315313255,5.375,0.4640113315313254,5.388675000000001,0.4748250198020873,107.5,9.28022663062651,805.8,141.24656955610786,0.35546268999698827,0.10473255097414495,10.338709039892839,0.9150102483224227,2.2144534396069995,0.20028826266478608,0.0103,0.0014350260588134572,0.5388499999999999,0.019838787266628126
random_geometric,20,0.1,1.0,52.25,3.325242373437651,5.2250000000000005,0.3325242373437651,5.214650000000001,0.31988230061136713,104.5,6.650484746875302,766.4,94.5326339597518,0.340297997636536,0.0959498821649295,10.358897276340922,0.5860264551763443,2.1764727434907027,0.13766198730763954,0.009450000000000004,0.0014775455465417177,0.9567500000000001,0.014668244647967649
random_geometric,20,0.1,1.5,51.45,3.6013815770004003,5.1450000000000005,0.36013815770004004,5.150425,0.36096847190586134,102.9,7.202763154000801,727.2,92.10239563030977,0.3853664113630809,0.13552764592693725,10.408271556471242,0.5584100403969282,2.1197319054737163,0.14677980920815772,0.0099,0.0010959039527642057,0.9998500000000001,0.00012517860923706082
random_geometric,20,0.1,2.0,51.15,4.1340743506669195,5.115,0.4134074350666918,5.118824999999999,0.40130875791530685,102.3,8.268148701333839,740.4,140.73452264608372,0.32917059362783846,0.07743429898339228,10.188120147810945,0.8500271001630452,2.1302314982839077,0.1813277672350636,0.010525000000000001,0.0017681143538869459,1.0,0.0
random_geometric,20,0.1,3.0,53.25,3.2358750545132384,5.325,0.3235875054513238,5.31835,0.334286938114391,106.5,6.471750109026477,782.7,92.14140826268925,0.36243886168208406,0.08579410155903733,10.540233259491396,0.5162192599187161,2.2250076844175233,0.13346594198221304,0.009575,0.0012113066237918891,1.0,0.0
random_geometric,20,0.2,0.5,51.35,3.023991471722867,5.135,0.3023991471722868,5.12795,0.29958684193191276,102.7,6.047982943445734,718.9,83.2886397207105,0.31989090080707416,0.06984916341417906,10.028191165641669,0.5716795035371238,8.441549243606747,0.47935200408898315,0.010625,0.001594333964222579,0.07577500000000001,0.005835765854218548
random_geometric,20,0.2,1.0,53.4,4.738261195617516,5.340000000000001,0.4738261195617516,5.319450000000001,0.4706356293732753,106.8,9.476522391235031,776.6,128.09469156674268,0.4518925269005786,0.14886626153274865,10.267590958183813,0.691314144209766,8.742561778536848,0.7782497685939153,0.011125,0.0015180013695299277,0.5458,0.01670399639544224
random_geometric,20,0.2,1.5,51.2,2.369130597808758,5.12,0.2369130597808758,5.1320749999999995,0.24151069026911245,102.4,4.738261195617516,717.1,64.69373729715794,0.3368087425671159,0.08985793575886879,10.16861468955246,0.5138030353406364,8.425764613107283,0.40142660858807394,0.011300000000000001,0.0011023423863945835,0.893575,0.017902147079404514
random_geometric,20,0.2,2.0,53.85,4.027549627254765,5.385000000000001,0.4027549627254765,5.383925,0.4041297861416487,107.7,8.05509925450953,792.4,116.61643709727697,0.4425377111303842,0.14587722473819748,10.610795920834672,0.7533539001025015,8.881453065608348,0.6485517092859304,0.0098,0.0009758649604595051,0.9774499999999999,0.011970640302972848
random_geometric,20,0.2,3.0,52.45,5.062312743775267,5.244999999999999,0.5062312743775268,5.234825,0.494869344175601,104.9,10.124625487550533,776.5,160.88192036070234,0.4298098716013817,0.13833703579395565,10.381786921604638,0.7894143800424553,8.668874662694332,0.7992333392110382,0.010450000000000001,0.0013839218870563771,0.9994250000000001,0.0006603767266133966
random_geometric,20,0.3,0.5,51.15,3.544224389949907,5.115,0.35442243899499065,5.11725,0.35955625443330175,102.3,7.088448779899814,717.3,99.22539543780853,0.376710262234924,0.12339386563224496,9.943210581738626,0.6934815053970461,18.844451736698545,1.3493990681372297,0.01105,0.001261640452577099,0.029825,0.0024672440516751307
random_geometric,20,0.3,1.0,51.45,2.5613556854463653,5.1450000000000005,0.25613556854463654,5.1346,0.24998463177858288,102.9,5.1227113708927305,728.3,71.49838558942947,0.36422674817518585,0.07518052178191087,10.14131329432506,0.5386346769405151,19.154351939280286,0.9649248390515996,0.010450000000000001,0.0017120869997569756,0.17329999999999998,0.009749166053403856
random_geometric,20,0.3,1.5,53.1,4.354692955518461,5.3100000000000005,0.43546929555184605,5.311525,0.42627522641567717,106.2,8.709385911036922,796.7,144.99462433882812,0.3354642563391028,0.10136058476715722,10.6102183431093,0.7398732102526663,19.655923445137716,1.5663334538001894,0.011750000000000002,0.0018884164906358082,0.5367499999999998,0.019830810716766234
random_geometric,20,0.3,2.0,53.95,4.434232835802069,5.395,0.4434232835802069,5.403074999999999,0.45499522642556656,107.9,8.868465671604138,817.4,129.76889061631633,0.3712494930628937,0.11337426749547458,10.687450376678871,0.7994822304743998,20.070399874896278,1.4727734358317903,0.010075000000000004,0.0012743471187032867,0.8119999999999999,0.019399753389642543
random_geometric,20,0.3,3.0,51.8,2.1404703860797074,5.180000000000001,0.21404703860797067,5.1916,0.2211679626299766,103.6,4.280940772159415,733.6,57.88341607058103,0.37439736778175237,0.09370460786343027,10.228904021303695,0.4892514744637221,19.276814950152232,0.8456434826936178,0.010350000000000002,0.0011834980265920888,0.9718750000000002,0.011026604561599852
random_geometric,40,0.1,0.5,211.45,8.357382856524303,10.5725,0.4178691428262152,10.566650000000001,0.4185891032079323,422.9,16.714765713048607,5514.6,457.4513592264267,0.8635145843434253,0.16078461617665082,18.854199063275537,0.8286978990148922,7.065109761476606,0.2742508023675171,0.010125,0.0012971489992733255,0.413675,0.00929037252383234
random_geometric,40,0.1,1.0,222.8,8.155504231079638,11.14,0.40777521155398205,11.1341,0.3923330108402138,445.6,16.311008462159275,6058.5,491.0948809815837,1.0310081146737564,0.17985743246476832,19.862363715880686,0.81170400566971,7.421777445617754,0.288345591706728,0.010325,0.0016464291664083214,0.9721250000000001,0.009568744500496893
random_geometric,40,0.1,1.5,217.6,8.709153756703042,10.879999999999999,0.43545768783515215,10.843875,0.4526283254500727,435.2,17.418307513406084,5792.8,480.37309722295953,0.9079656243952818,0.13734111768788726,19.4738656444135,0.8443310307205885,7.246018278976647,0.28603026573653034,0.010525000000000003,0.001215888217680695,0.9963,0.0032193527953693775
random_geometric,40,0.1,2.0,213.35,7.9301000325541775,10.6675,0.39650500162770885,10.63795,0.3944283772563184,426.7,15.860200065108355,5579.2,438.9395385061592,0.989687191053995,0.15238354267845025,19.459711259094295,1.0404485733243727,7.075933457285008,0.26156739660115824,0.010700000000000001,0.0009549212147165806,0.9985000000000002,0.0014794259199539432
random_geometric,40,0.1,3.0,215.2,11.102559818632626,10.760000000000002,0.5551279909316315,10.74905,0.5680057596574177,430.4,22.205119637265252,5654.0,581.9958846951628,1.067223702909145,0.20181989847610118,19.52584219577948,1.0358866559041835,7.149523859326441,0.37054238964201924,0.010275000000000003,0.0016000305753657528,1.0,0.0
random_geometric,40,0.2,0.5,213.15,7.96317644899915,10.6575,0.3981588224499576,10.640875,0.3951406261836278,426.3,15.9263528979983,5626.6,445.23986535846166,0.9487278980741269,0.13998212948854974,19.69602748620358,0.7657628675727505,28.51622228424809,1.0944440340953168,0.010799999999999999,0.0015967495931290838,0.051750000000000004,0.004796523192567936
random_geometric,40,0.2,1.0,216.25,10.76721490646979,10.8125,0.5383607453234895,10.829225000000001,0.5194528145218622,432.5,21.53442981293958,5786.8,641.9802864695916,0.8485128467421725,0.16127236670821096,19.16381859685544,1.0383162918752775,29.014411895270058,1.5833464095387282,0.009425000000000003,0.0015219919600036622,0.411775,0.015034798895964827
random_geometric,40,0.2,1.5,211.9,9.380343120197233,10.595,0.46901715600986177,10.61205,0.48896206017903504,423.8,18.760686240394467,5471.3,506.28645066935013,1.119797705860044,0.1663399321007455,19.198983922748134,0.935727876729447,28.218873070136304,1.251554320788976,0.009950000000000002,0.0010177011245681947,0.8767250000000001,0.01152478486841112
random_geometric,40,0.2,2.0,222.6,10.067047818972238,11.129999999999999,0.5033523909486118,11.1427,0.5173840045060698,445.2,20.134095637944476,6126.1,571.2549618397431,1.1567829643169376,0.17150033607727022,20.492352023143575,1.0401778324579818,29.5926939467588,1.3406314640831363,0.012025000000000003,0.0014751060443592735,0.9733249999999998,0.007623365367494591
random_geometric,40,0.2,3.0,222.3,10.993210191558672,11.115,0.5496605095779336,11.10455,0.5362372009728137,444.6,21.986420383117345,6094.0,635.0827899813742,1.009924367879353,0.2051711322229225,19.886999842729484,0.9806464924337435,29.531997794426736,1.5806408401882888,0.0114,0.0016515253555425661,0.997025,0.0026262258190474703
random_geometric,40,0.3,0.5,213.75,10.024252643096721,10.6875,0.501212632154836,10.685224999999999,0.5045906281364184,427.5,20.048505286193443,5616.7,517.2396062915441,1.0995611189915082,0.20259180032383178,19.543543246152602,1.0562403742185884,63.95422983321676,2.9051744998748426,0.0105,0.0012497654516790448,0.023850000000000003,0.0033142795041424837
random_geometric,40,0.3,1.0,210.95,7.401535815021949,10.5475,0.3700767907510975,10.54965,0.3773262380350513,421.9,14.803071630043897,5450.3,375.50721321377955,0.8585490277554013,0.14833831458608357,19.453646878855793,0.7528566119506812,63.566867781277416,2.3914027968272,0.010575000000000001,0.0015335718712243412,0.11384999999999998,0.006941344037910205
random_geometric,40,0.3,1.5,224.3,13.524149503368914,11.215,0.6762074751684457,11.190125,0.6802601884091657,448.6,27.048299006737828,6230.2,771.6802257581213,1.0523870878494088,0.18824933262540908,19.941910190118683,1.0922361477403553,67.33980818510389,4.068754260863749,0.009925,0.0014470836552401378,0.41662499999999997,0.01487040486299797
random_geometric,40,0.3,2.0,208.5,8.512026662008104,10.425,0.4256013331004052,10.415925,0.42502422901406467,417.0,17.024053324016208,5360.5,473.2560993529157,0.9478390206297804,0.15424557193070312,19.02852364238816,0.8744742103345576,62.21411294353501,2.7462755004237827,0.011475,0.0013867952264123207,0.7641249999999999,0.012185744637420445
random_geometric,40,0.3,3.0,218.45,12.71774209519913,10.9225,0.6358871047599566,10.9207,0.6616398077287735,436.9,25.43548419039826,5865.9,728.455519823457,1.1395695181768966,0.18687485660564432,19.663535558681314,1.0497822870926405,65.59954744711833,3.6115727098434443,0.00995,0.0016054315045461996,0.98135,0.005652565528380162
random_geometric,80,0.1,0.5,880.4,27.635817095326047,22.01,0.6908954273831512,21.95435,0.6791797812378662,1760.8,55.271634190652094,44608.6,2973.1704968554677,2.814187811606639,0.2916225717732208,37.10411164607538,1.4419075766742322,25.35791300512416,0.8313887361373553,0.010350000000000002,0.0015691278838225625,0.27735,0.012065735835959521
random_geometric,80,0.1,1.0,887.6,24.66118013140661,22.19,0.6165295032851654,22.2037,0.6423029232484263,1775.2,49.32236026281322,45581.3,2969.114954246342,2.6838354049222057,0.2509860676257422,37.76843968104075,1.5107694846665836,25.543628425877134,0.7458022396487148,0.010450000000000001,0.0013581139398755211,0.9569750000000002,0.00927735981896392
random_geometric,80,0.1,1.5,878.6,34.3771049146927,21.964999999999996,0.8594276228673177,21.873399999999997,0.8202995324310054,1757.2,68.7542098293854,44391.3,3884.6460012018433,2.730645872541365,0.22850815092447718,37.336925340319155,1.974900576744243,25.304468436182155,1.0673844564108212,0.009300000000000001,0.0011777180432827224,0.9991,0.0007709974400940494
random_geometric,80,0.1,2.0,867.0,30.732847368384547,21.674999999999997,0.7683211842096138,21.688775,0.7532778528823912,1734.0,61.465694736769095,43122.3,3331.860967867151,2.608796921172353,0.3098169038367905,36.393119854136565,1.6845057761250284,24.991552094983316,0.9201385777436639,0.009450000000000002,0.0010733007622823107,1.0,0.0
random_geometric,80,0.1,3.0,900.9,22.213085550733616,22.5225,0.5553271387683404,22.497700000000002,0.5561425830342431,1801.8,44.42617110146723,46675.6,2662.2143862904404,2.7452263384848705,0.25576590947212907,37.78739667687111,1.295788749954649,25.92626047775546,0.6414367801620526,0.010425,0.0015902070537147702,1.0,0.0
random_geometric,80,0.2,0.5,888.45,18.80475404056952,22.21125,0.47011885101423806,22.256549999999997,0.4652632461756404,1776.9,37.60950808113904,45520.1,2242.339232723203,2.678071863141776,0.21807544731619968,37.80339057267847,1.4363386591123228,101.75961215449188,2.3648594512294165,0.0108,0.0010554923021983628,0.036625000000000005,0.0031021906945355817
random_geometric,80,0.2,1.0,891.95,28.65591934441615,22.298749999999995,0.7163979836104037,22.315025,0.7486775625390553,1783.9,57.3118386888323,45829.6,3079.2239834955,2.7198938075565158,0.27036850959438535,38.15338358434045,1.32047995269577,102.47709247615634,3.3632600180905143,0.010925,0.0013419673499832448,0.27959999999999996,0.008001013698933796
random_geometric,80,0.2,1.5,870.8,33.24850161720786,21.77,0.8312125404301964,21.783375,0.8636580157481624,1741.6,66.49700323441571,43708.0,3506.732664436107,2.5677023921960265,0.26617057640690545,36.83866184816724,1.7348980682893336,99.88677403408353,3.985028289384217,0.010700000000000001,0.0014715465548727617,0.7765250000000001,0.014267859609699885
random_geometric,80,0.2,2.0,901.8,28.356290841994646,22.545,0.708907271049866,22.545,0.7056841546306974,1803.6,56.71258168398929,47237.0,3179.77586264719,2.9563202952738967,0.2349410147254141,38.49901226866439,1.3069094938711188,103.62114329969825,3.1245708722267156,0.0117,0.0020708545909459953,0.9558,0.007291621493193403
random_geometric,80,0.2,3.0,898.25,26.34796065213237,22.456250000000004,0.6586990163033091,22.4708,0.7125788111026184,1796.5,52.69592130426474,46755.8,3006.5438867777802,2.7448842190068197,0.18237538218679542,38.513734309814566,1.4004433919593295,103.82876695103114,3.3491063564462027,0.010975000000000002,0.0012221081655978952,0.9979750000000001,0.0012826497860617277
random_geometric,80,0.3,0.5,869.85,22.78569048189767,21.746249999999996,0.5696422620474416,21.70145,0.532258950270399,1739.7,45.57138096379534,43190.2,2480.482186162665,2.671685316267742,0.2488984817372854,36.95264320812465,1.030761447644681,225.36090160746045,6.26923974618252,0.009700000000000002,0.0013830084674551458,0.017200000000000003,0.0015808421473179545
random_geometric,80,0.3,1.0,882.1,24.994055192132553,22.052500000000002,0.6248513798033138,22.0524,0.6235255298746586,1764.2,49.988110384265106,44653.4,2526.819448504842,2.80900807652907,0.2506250458520642,37.082929345911126,1.1313330599365814,228.35794185592735,6.9961521888083436,0.00975,0.0012138598722561365,0.07100000000000001,0.00509173303141061
random_geometric,80,0.3,1.5,888.0,22.547847604127256,22.2,0.5636961901031814,22.253575000000005,0.5601505881124147,1776.0,45.09569520825451,45460.8,2701.598362522453,2.591154034462753,0.26243055290876965,37.81412195621831,1.2560348675074502,229.37976325675754,6.589505617319029,0.011500000000000002,0.0014237097575293253,0.28817499999999996,0.009850488235294948
random_geometric,80,0.3,2.0,917.85,28.93216171085662,22.94625,0.7233040427714155,22.945625,0.7027821957812428,1835.7,57.86432342171324,48748.5,3243.52118588685,2.91581579456691,0.3250900668115541,39.16296489616427,1.4620342485961664,237.68524002665208,7.86163041051607,0.010025,0.0019215511689093373,0.61975,0.014436564068547033
random_geometric,80,0.3,3.0,882.85,28.796969763830138,22.07125,0.7199242440957533,22.080075000000004,0.7353936285945241,1765.7,57.593939527660275,45118.3,3205.4515833519426,2.7542599077456305,0.168847364455997,37.871636998942854,1.394177428528284,228.87795371586316,8.13324623087252,0.010575000000000003,0.0013569503539768485,0.9564999999999999,0.009723103576425312
ring,10,0.1,0.5,10.0,0.0,2.0,0.0,2.0,0.0,20.0,0.0,60.0,0.0,0.3819660112501045,2.4960857735528752e-17,3.999999999999999,0.0,0.5436502509167555,0.007441986626466636,0.010925,0.0014644447663480552,0.6890750000000001,0.01225779110134491
ring,10,0.1,1.0,10.0,0.0,2.0,0.0,2.0,0.0,20.0,0.0,60.0,0.0,0.3819660112501045,2.4960857735528752e-17,3.999999999999999,0.0,0.5452956224878497,0.008015643071542717,0.010600000000000002,0.001545596529362999,1.0,0.0
ring,10,0.1,1.5,10.0,0.0,2.0,0.0,2.0,0.0,20.0,0.0,60.0,0.0,0.3819660112501045,2.4960857735528752e-17,3.999999999999999,0.0,0.5395614410046214,0.008126291731756802,0.011525000000000002,0.0017085034848939398,1.0,0.0
ring,10,0.1,2.0,10.0,0.0,2.0,0.0,2.0,0.0,20.0,0.0,60.0,0.0,0.3819660112501045,2.4960857735528752e-17,3.999999999999999,0.0,0.5503589563000508,0.010009794133582451,0.009575000000000002,0.0012979281263046237,1.0,0.0
ring,10,0.1,3.0,10.0,0.0,2.0,0.0,2.0,0.0,20.0,0.0,60.0,0.0,0.3819660112501045,2.4960857735528752e-17,3.999999999999999,0.0,0.547176432595466,0.007951357205598943,0.010100000000000001,0.0013851996625985573,1.0,0.0
ring,10,0.2,0.5,10.0,0.0,2.0,0.0,2.0,0.0,20.0,0.0,60.0,0.0,0.3819660112501045,2.4960857735528752e-17,3.999999999999999,0.0,2.1954881985286114,0.03489023645431284,0.010650000000000003,0.0012720146473833918,0.09817500000000001,0.00826841616285158
ring,10,0.2,1.0,10.0,0.0,2.0,0.0,2.0,0.0,20.0,0.0,60.0,0.0,0.3819660112501045,2.4960857735528752e-17,3.999999999999999,0.0,2.1796249855580205,0.022871177761177305,0.0092,0.0012322511705688986,0.6893749999999998,0.011172786098844208
ring,10,0.2,1.5,10.0,0.0,2.0,0.0,2.0,0.0,20.0,0.0,60.0,0.0,0.3819660112501045,2.4960857735528752e-17,3.999999999999999,0.0,2.170885565627294,0.0240110184193821,0.010750000000000001,0.0015503313737459652,0.9938999999999998,0.0006422355691767507
ring,10,0.2,2.0,10.0,0.0,2.0,0.0,2.0,0.0,20.0,0.0,60.0,0.0,0.3819660112501045,2.4960857735528752e-17,3.999999999999999,0.0,2.2074824259937045,0.02915372268785139,0.009175000000000003,0.0010765336917503716,0.9999750000000001,4.89999999999946e-05
ring,10,0.2,3.0,10.0,0.0,2.0,0.0,2.0,0.0,20.0,0.0,60.0,0.0,0.3819660112501045,2.4960857735528752e-17,3.999999999999999,0.0,2.1904195515917153,0.022342996843982364,0.009125000000000001,0.0012535514811085637,1.0,0.0
ring,10,0.3,0.5,10.0,0.0,2.0,0.0,2.0,0.0,20.0,0.0,60.0,0.0,0.3819660112501045,2.4960857735528752e-17,3.999999999999999,0.0,4.953580970318666,0.07979278236228336,0.009175,0.0012154724227749125,0.03665,0.003515584880589797
ring,10,0.3,1.0,10.0,0.0,2.0,0.0,2.0,0.0,20.0,0.0,60.0,0.0,0.3819660112501045,2.4960857735528752e-17,3.999999999999999,0.0,4.915252922532377,0.07670710884407302,0.011100000000000002,0.0012610393374222375,0.23049999999999998,0.012519274150810738
ring,10,0.3,1.5,10.0,0.0,2.0,0.0,2.0,0.0,20.0,0.0,60.0,0.0,0.3819660112501045,2.4960857735528752e-17,3.999999999999999,0.0,4.905554117710617,0.08136040925900496,0.010700000000000001,0.0016935340812072623,0.6926500000000001,0.013995592622040167
ring,10,0.3,2.0,10.0,0.0,2.0,0.0,2.0,0.0,20.0,0.0,60.0,0.0,0.3819660112501045,2.4960857735528752e-17,3.999999999999999,0.0,4.923371227184315,0.09657129571078242,0.009975000000000001,0.001724698890577104,0.96445,0.0039392304618515225
ring,10,0.3,3.0,10.0,0.0,2.0,0.0,2.0,0.0,20.0,0.0,60.0,0.0,0.3819660112501045,2.4960857735528752e-17,3.999999999999999,0.0,4.872955200209653,0.07805333448850967,0.010350000000000002,0.0012580294532574178,1.0,0.0
ring,20,0.1,0.5,20.0,0.0,2.0,0.0,2.0,0.0,40.0,0.0,120.0,0.0,0.09788696740969319,0.0,4.0,0.0,0.8460033958513687,0.008111844775106505,0.010375,0.0014358623852840787,0.53295,0.012717344633464791
ring,20,0.1,1.0,20.0,0.0,2.0,0.0,2.0,0.0,40.0,0.0,120.0,0.0,0.09788696740969319,0.0,4.0,0.0,0.855920883426343,0.00941333969270543,0.009025000000000002,0.0010956156404410022,0.9998500000000001,0.00012517860923706082
ring,20,0.1,1.5,20.0,0.0,2.0,0.0,2.0,0.0,40.0,0.0,120.0,0.0,0.09788696740969319,0.0,4.0,0.0,0.8489775732455136,0.006210548199301901,0.010450000000000003,0.0014146272709761654,1.0,0.0
ring,20,0.1,2.0,20.0,0.0,2.0,0.0,2.0,0.0,40.0,0.0,120.0,0.0,0.09788696740969319,0.0,4.0,0.0,0.850553029062033,0.007360240896995062,0.010650000000000001,0.0010831456139654683,1.0,0.0
ring,20,0.1,3.0,20.0,0.0,2.0,0.0,2.0,0.0,40.0,0.0,120.0,0.0,0.09788696740969319,0.0,4.0,0.0,0.8488064062950679,0.00912215919309425,0.011425000000000001,0.0017360913600747848,1.0,0.0
ring,20,0.2,0.5,20.0,0.0,2.0,0.0,2.0,0.0,40.0,0.0,120.0,0.0,0.09788696740969319,0.0,4.0,0.0,3.4512362651250292,0.04496877535262265,0.009850000000000001,0.0012917308665426196,0.06015,0.0052592799387068375
ring,20,0.2,1.0,20.0,0.0,2.0,0.0,2.0,0.0,40.0,0.0,120.0,0.0,0.09788696740969319,0.0,4.0,0.0,3.442427508673519,0.027076911383538023,0.009475,0.0012344540451040226,0.515675,0.009982761486419323
ring,20,0.2,1.5,20.0,0.0,2.0,0.0,2.0,0.0,40.0,0.0,120.0,0.0,0.09788696740969319,0.0,4.0,0.0,3.429834248489019,0.043715032308688125,0.010575,0.0018392957891540992,0.9699499999999999,0.003173891153242592
ring,20,0.2,2.0,20.0,0.0,2.0,0.0,2.0,0.0,40.0,0.0,120.0,0.0,0.09788696740969319,0.0,4.0,0.0,3.4015172145561388,0.027454550130410073,0.011200000000000002,0.0011625990846284657,1.0,0.0
ring,20,0.2,3.0,20.0,0.0,2.0,0.0,2.0,0.0,40.0,0.0,120.0,0.0,0.09788696740969319,0.0,4.0,0.0,3.404410067779332,0.04390567462835967,0.011550000000000001,0.001547720837061285,1.0,0.0
ring,20,0.3,0.5,20.0,0.0,2.0,0.0,2.0,0.0,40.0,0.0,120.0,0.0,0.09788696740969319,0.0,4.0,0.0,7.648972291389256,0.11226634839104194,0.011250000000000001,0.00178804951067681,0.025725000000000005,0.0026549395770703965
ring,20,0.3,1.0,20.0,0.0,2.0,0.0,2.0,0.0,40.0,0.0,120.0,0.0,0.09788696740969319,0.0,4.0,0.0,7.695666243880906,0.08202838708462362,0.009825,0.001368079926104658,0.14805000000000001,0.00802098404515503
ring,20,0.3,1.5,20.0,0.0,2.0,0.0,2.0,0.0,40.0,0.0,120.0,0.0,0.09788696740969319,0.0,4.0,0.0,7.6585821766853766,0.08984542775988553,0.011175000000000001,0.0015564732570783218,0.5237499999999999,0.014129200409454399
ring,20,0.3,2.0,20.0,0.0,2.0,0.0,2.0,0.0,40.0,0.0,120.0,0.0,0.09788696740969319,0.0,4.0,0.0,7.648293554565018,0.11391805332843667,0.010450000000000003,0.0019022844438367143,0.8979999999999999,0.008661839235830252
ring,20,0.3,3.0,20.0,0.0,2.0,0.0,2.0,0.0,40.0,0.0,120.0,0.0,0.09788696740969319,0.0,4.0,0.0,7.684850704452179,0.06386519267179092,0.009850000000000001,0.0006969649994987664,0.9999,8.99309676772503e-05
ring,40,0.1,0.5,40.0,0.0,2.0,0.0,2.0,0.0,80.0,0.0,240.0,0.0,0.024623318809724327,1.560053608470547e-18,3.999999999999999,0.0,1.4112238628451357,0.010715358738123515,0.010075000000000004,0.0014781868516601858,0.341325,0.010202874133250264
ring,40,0.1,1.0,40.0,0.0,2.0,0.0,2.0,0.0,80.0,0.0,240.0,0.0,0.024623318809724327,1.560053608470547e-18,3.999999999999999,0.0,1.3931609586877278,0.01025619784574217,0.01105,0.0007686993800193319,0.9991999999999999,0.00024004999479275166
ring,40,0.1,1.5,40.0,0.0,2.0,0.0,2.0,0.0,80.0,0.0,240.0,0.0,0.024623318809724327,1.560053608470547e-18,3.999999999999999,0.0,1.4053147224446718,0.015440130345014704,0.010075,0.0012422096399053117,1.0,0.0
ring,40,0.1,2.0,40.0,0.0,2.0,0.0,2.0,0.0,80.0,0.0,240.0,0.0,0.024623318809724327,1.560053608470547e-18,3.999999999999999,0.0,1.4052736301917599,0.015635992591208518,0.009400000000000002,0.0016206298970332168,1.0,0.0
ring,40,0.1,3.0,40.0,0.0,2.0,0.0,2.0,0.0,80.0,0.0,240.0,0.0,0.024623318809724327,1.560053608470547e-18,3.999999999999999,0.0,1.3948080584000744,0.008659618532111564,0.0105,0.0013638706529193803,1.0,0.0
ring,40,0.2,0.5,40.0,0.0,2.0,0.0,2.0,0.0,80.0,0.0,240.0,0.0,0.024623318809724327,1.560053608470547e-18,3.999999999999999,0.0,5.59419597738007,0.056961408020580126,0.010675,0.0015352190140343596,0.04375,0.004490642786013929
ring,40,0.2,1.0,40.0,0.0,2.0,0.0,2.0,0.0,80.0,0.0,240.0,0.0,0.024623318809724327,1.560053608470547e-18,3.999999999999999,0.0,5.5955846217237655,0.030562240423547816,0.010575000000000001,0.0010235822287180292,0.352175,0.009116266696059533
ring,40,0.2,1.5,40.0,0.0,2.0,0.0,2.0,0.0,80.0,0.0,240.0,0.0,0.024623318809724327,1.560053608470547e-18,3.999999999999999,0.0,5.619965630727692,0.05328381152075009,0.010425,0.0015352190140343596,0.896725,0.007888999999999998
ring,40,0.2,2.0,40.0,0.0,2.0,0.0,2.0,0.0,80.0,0.0,240.0,0.0,0.024623318809724327,1.560053608470547e-18,3.999999999999999,0.0,5.611283600096405,0.03785519943158255,0.010700000000000001,0.0011777180432827224,0.9991249999999999,0.00027420651072925537
ring,40,0.2,3.0,40.0,0.0,2.0,0.0,2.0,0.0,80.0,0.0,240.0,0.0,0.024623318809724327,1.560053608470547e-18,3.999999999999999,0.0,5.591156274654088,0.03508976654626531,0.0105,0.0013804476771952223,1.0,0.0
ring,40,0.3,0.5,40.0,0.0,2.0,0.0,2.0,0.0,80.0,0.0,240.0,0.0,0.024623318809724327,1.560053608470547e-18,3.999999999999999,0.0,12.613910027191716,0.10544224170424162,0.01105,0.0014092572885258242,0.021200000000000004,0.001979758305290931
ring,40,0.3,1.0,40.0,0.0,2.0,0.0,2.0,0.0,80.0,0.0,240.0,0.0,0.024623318809724327,1.560053608470547e-18,3.999999999999999,0.0,12.60655391145048,0.09459200303971273,0.01105,0.0013543869461863547,0.091975,0.005399826210653743
ring,40,0.3,1.5,40.0,0.0,2.0,0.0,2.0,0.0,80.0,0.0,240.0,0.0,0.024623318809724327,1.560053608470547e-18,3.999999999999999,0.0,12.6237434263716,0.09254580575298489,0.010900000000000002,0.000947481537106605,0.34945,0.012108976044327828
ring,40,0.3,2.0,40.0,0.0,2.0,0.0,2.0,0.0,80.0,0.0,240.0,0.0,0.024623318809724327,1.560053608470547e-18,3.999999999999999,0.0,12.571368775900243,0.099628501500582,0.010425,0.0014713318527961772,0.7646500000000002,0.009183340075776805
ring,40,0.3,3.0,40.0,0.0,2.0,0.0,2.0,0.0,80.0,0.0,240.0,0.0,0.024623318809724327,1.560053608470547e-18,3.999999999999999,0.0,12.633883591668475,0.08961589053479052,0.0102,0.0010410262143420636,0.9993250000000001,0.00023873030367914044
ring,80,0.1,0.5,80.0,0.0,2.0,0.0,2.0,0.0,160.0,0.0,480.0,0.0,0.006165332533743071,0.0,3.999999999999999,1.9968686188423001e-16,2.4236787667021504,0.01564898774078161,0.010575000000000001,0.0017302584382565213,0.20247499999999996,0.011170885793931142
ring,80,0.1,1.0,80.0,0.0,2.0,0.0,2.0,0.0,160.0,0.0,480.0,0.0,0.006165332533743071,0.0,3.999999999999999,1.9968686188423001e-16,2.4159919991626344,0.011633745377394075,0.01105,0.0012146924237067286,0.98805,0.00143766543212837
ring,80,0.1,1.5,80.0,0.0,2.0,0.0,2.0,0.0,160.0,0.0,480.0,0.0,0.006165332533743071,0.0,3.999999999999999,1.9968686188423001e-16,2.4151047823748897,0.014678237485405529,0.009900000000000003,0.00164999432215929,1.0,0.0
ring,80,0.1,2.0,80.0,0.0,2.0,0.0,2.0,0.0,160.0,0.0,480.0,0.0,0.006165332533743071,0.0,3.999999999999999,1.9968686188423001e-16,2.4089115619732104,0.016496222338822728,0.009775,0.0010484650183658212,1.0,0.0
ring,80,0.1,3.0,80.0,0.0,2.0,0.0,2.0,0.0,160.0,0.0,480.0,0.0,0.006165332533743071,0.0,3.999999999999999,1.9968686188423001e-16,2.4212511052587957,0.016692579444319677,0.010175,0.0014661695708635873,1.0,0.0
ring,80,0.2,0.5,80.0,0.0,2.0,0.0,2.0,0.0,160.0,0.0,480.0,0.0,0.006165332533743071,0.0,3.999999999999999,1.9968686188423001e-16,9.69389217757549,0.06719509030372978,0.009825000000000002,0.0019655047697728946,0.028450000000000003,0.0036111930963252806
ring,80,0.2,1.0,80.0,0.0,2.0,0.0,2.0,0.0,160.0,0.0,480.0,0.0,0.006165332533743071,0.0,3.999999999999999,1.9968686188423001e-16,9.649213813598417,0.05849977880187442,0.010600000000000002,0.0013388090544250613,0.20812499999999998,0.009423963840851906
ring,80,0.2,1.5,80.0,0.0,2.0,0.0,2.0,0.0,160.0,0.0,480.0,0.0,0.006165332533743071,0.0,3.999999999999999,1.9968686188423001e-16,9.642598334349028,0.05403441447139189,0.009425000000000001,0.0011623273159801777,0.7322750000000001,0.011274702794542442
ring,80,0.2,2.0,80.0,0.0,2.0,0.0,2.0,0.0,160.0,0.0,480.0,0.0,0.006165332533743071,0.0,3.999999999999999,1.9968686188423001e-16,9.642036099548289,0.0570295411005914,0.011075000000000002,0.0015499645327011775,0.9882499999999999,0.001816099058276748
ring,80,0.2,3.0,80.0,0.0,2.0,0.0,2.0,0.0,160.0,0.0,480.0,0.0,0.006165332533743071,0.0,3.999999999999999,1.9968686188423001e-16,9.612073376022284,0.04973309592893111,0.011300000000000001,0.0015122046645108659,1.0,0.0
ring,80,0.3,0.5,80.0,0.0,2.0,0.0,2.0,0.0,160.0,0.0,480.0,0.0,0.006165332533743071,0.0,3.999999999999999,1.9968686188423001e-16,21.776060041534706,0.14935972588129484,0.010350000000000002,0.0018771406587231492,0.015700000000000002,0.001869450468087234
ring,80,0.3,1.0,80.0,0.0,2.0,0.0,2.0,0.0,160.0,0.0,480.0,0.0,0.006165332533743071,0.0,3.999999999999999,1.9968686188423001e-16,21.68501780202364,0.09119843149674077,0.010350000000000002,0.0013397526087422181,0.05752500000000001,0.0032139116926917966
ring,80,0.3,1.5,80.0,0.0,2.0,0.0,2.0,0.0,160.0,0.0,480.0,0.0,0.006165332533743071,0.0,3.999999999999999,1.9968686188423001e-16,21.83214676806129,0.16038358089640464,0.009700000000000004,0.001502143310844804,0.199025,0.01224359737942545
ring,80,0.3,2.0,80.0,0.0,2.0,0.0,2.0,0.0,160.0,0.0,480.0,0.0,0.006165332533743071,0.0,3.999999999999999,1.9968686188423001e-16,21.753493155685188,0.14303917623290477,0.0103,0.0013001169178193167,0.542825,0.01520542841259418
ring,80,0.3,3.0,80.0,0.0,2.0,0.0,2.0,0.0,160.0,0.0,480.0,0.0,0.006165332533743071,0.0,3.999999999999999,1.9968686188423001e-16,21.70311812332709,0.15278802259572002,0.009725000000000001,0.0014333960227008921,0.98885,0.001953671361686423
