b,profile_a,profile_NLL,optimizer_success,delta_NLL
-4.055167979092987,3.7721862432589295,2054769.1749283625,True,49629.802671520505
-4.0385013124263205,3.759794827586962,2053257.7996331519,True,48118.427376309875
-4.021834645759654,3.747410278527061,2051765.9143970287,True,46626.542140186764
-4.005167979092987,3.735032636601332,2050293.6838383446,True,45154.31158150267
-3.9885013124263202,3.7226619470515367,2048841.2742402721,True,43701.90198343014
-3.9718346457596536,3.7102982552547155,2047408.8535691507,True,42269.48131230869
-3.955167979092987,3.697941607140676,2045996.5914930338,True,40857.21923619183
-3.9385013124263204,3.6855920490513894,2044604.6594004212,True,39465.28714357922
-3.921834645759654,3.673249627823265,2043233.230419195,True,38093.85816235305
-3.905167979092987,3.6609143907870165,2041882.4794357438,True,36743.10717890179
-3.8885013124263206,3.6485863856754723,2040552.583114293,True,35413.21085745096
-3.8718346457596535,3.636265660792265,2039243.7199164259,True,34104.3476595839
-3.855167979092987,3.6239522649296174,2037956.07012081,True,32816.69786396809
-3.8385013124263203,3.6116462620252627,2036689.8158431225,True,31550.44358628057
-3.8218346457596537,3.5993476632688224,2035445.1410561753,True,30305.768799333367
-3.805167979092987,3.5870565219634503,2034222.2316102472,True,29082.85935340519
-3.7885013124263205,3.5747729323616375,2033021.2752536158,True,27881.90299677383
-3.771834645759654,3.562496921414726,2031842.4616532964,True,26703.089396454394
-3.7551679790929873,3.550228540704485,2030685.982415983,True,25546.61015914101
-3.7385013124263202,3.537967842315336,2029552.0311092034,True,24412.658852361375
-3.7218346457596536,3.5257148785331496,2028440.8032826676,True,23301.431025825674
-3.705167979092987,3.5134697027694726,2027352.4964898396,True,22213.124232997652
-3.6885013124263204,3.5012323684156215,2026287.3103097044,True,21147.938052862417
-3.671834645759654,3.4890029297256975,2025245.4463687497,True,20106.074111907743
-3.655167979092987,3.476781441145729,2024227.1083631588,True,19087.736106316792
-3.63850131242632,3.4645679580407975,2023232.5020812056,True,18093.129824363627
-3.6218346457596535,3.452362536078924,2022261.8354258689,True,17122.463169026887
-3.605167979092987,3.4401652266626725,2021315.3184376494,True,16175.946180807427
-3.5885013124263203,3.4279760965493526,2020393.1633176012,True,15253.79106075922
-3.5718346457596537,3.415795198077595,2019495.5844505723,True,14356.212193730287
-3.555167979092987,3.4036225892424326,2018622.7984286572,True,13483.426171815256
-3.5385013124263205,3.3914583285267,2017775.0240748597,True,12635.651818017708
-3.521834645759654,3.3793024750407112,2016952.4824669636,True,11813.11021012161
-3.505167979092987,3.367155088436936,2016155.3969616187,True,11016.024704776704
-3.4885013124263202,3.355016229012687,2015383.9932186329,True,10244.620961790904
-3.4718346457596536,3.3428859577776047,2014638.499225474,True,9499.126968631987
-3.455167979092987,3.3307643359696373,2013919.1453219838,True,8779.773065141868
-3.4385013124263204,3.318651425638167,2013226.1642252964,True,8086.791968454374
-3.421834645759654,3.3065472894329098,2012559.791054968,True,7420.4187981260475
-3.4051679790929867,3.2944519905959733,2011920.2633583108,True,6780.89110146882
-3.38850131242632,3.2823655930351663,2011307.8211359335,True,6168.448879091535
-3.3718346457596535,3.2702881612328403,2010722.706867488,True,5583.334610646125
-3.355167979092987,3.258219760330468,2010165.1655376172,True,5025.793280775193
-3.3385013124263203,3.2461604560891475,2009635.4446621072,True,4496.0724052651785
-3.3218346457596537,3.234110314904535,2009133.7943142382,True,3994.4220573962666
-3.305167979092987,3.2220694038240745,2008660.4671513354,True,3521.0948944934644
-3.2885013124263205,3.21003779056861,2008215.7184415166,True,3076.3461846746504
-3.271834645759654,3.1980155434993542,2007799.8060906366,True,2660.4338337946683
-3.255167979092987,3.186002731574113,2007412.9906694195,True,2273.618412577547
-3.2385013124263202,3.173999424528726,2007055.53544079,True,1916.163183948025
-3.2218346457596536,3.1620056927228455,2006727.706387382,True,1588.3341305400245
-3.205167979092987,3.1500216071433176,2006429.772239244,True,1290.3999824021012
-3.1885013124263204,3.1380472395866157,2006162.0045017186,True,1022.6322448765859
-3.1718346457596533,3.1260826623287055,2005924.6774835046,True,785.3052266626619
-3.1551679790929867,3.1141279485528623,2005718.0683248965,True,578.6960680545308
-3.13850131242632,3.102183174533963,2005542.4570261934,True,403.0847693514079
-3.1218346457596535,3.090248409733802,2005398.12647628,True,258.75421943794936
-3.105167979092987,3.078323731786905,2005285.3624813687,True,145.99022452672943
-3.0885013124263203,3.066409216725231,2005204.4537939099,True,65.08153706789017
-3.0718346457596537,3.0545049411150984,2005155.692141649,True,16.319884807104245
-3.055167979092987,3.0426109824480565,2005139.372256842,True,0.0
-3.0385013124263205,3.030727418691016,2005155.791905615,True,16.419648773036897
-3.021834645759654,3.0188543288143403,2005205.2519174668,True,65.8796606247779
-3.005167979092987,3.0069917921375424,2005288.0562149049,True,148.6839580629021
-2.9885013124263202,2.9951398890324543,2005404.5118432152,True,265.1395863732323
-2.9718346457596536,2.983298700825575,2005554.9290003544,True,415.55674351239577
-2.9551679790929866,2.9714683089751093,2005739.6210669563,True,600.248810114339
-2.93850131242632,2.9596487961438163,2005958.904636459,True,819.5323796169832
-2.9218346457596533,2.9478402456074373,2006213.0995453233,True,1073.7272884813137
-2.9051679790929867,2.936042741744522,2006502.5289033602,True,1363.1566465182696
-2.88850131242632,2.9242563689391297,2006827.5191241377,True,1688.1468672957271
-2.8718346457596535,2.912481214561498,2007188.3999554757,True,2049.0276986337267
-2.855167979092987,2.900717361517882,2007585.5045100085,True,2446.132253166521
-2.8385013124263203,2.8889648992207717,2008019.1692958125,True,2879.797038970515
-2.8218346457596537,2.8772239155811694,2008489.7342470922,True,3350.3619902501814
-2.805167979092987,2.865494507395369,2008997.542754903,True,3858.170498060994
-2.7885013124263205,2.853776728389853,2009542.941697918,True,4403.569441076135
-2.7718346457596534,2.842070726515623,2010126.281473213,True,4986.909216371132
-2.755167979092987,2.83037655311256,2010747.9160270677,True,5608.543770225719
-2.7385013124263202,2.8186943024328395,2011408.2028857684,True,6268.8306289264
-2.7218346457596536,2.807024111313269,2012107.5031864042,True,6968.130929562263
-2.7051679790929866,2.7953659921016984,2012846.181707634,True,7706.809450791916
-2.68850131242632,2.783720091336222,2013624.6069004294,True,8485.234643587377
-2.6718346457596533,2.772086503893298,2014443.150918761,True,9303.77866191906
-2.6551679790929867,2.7604653081562516,2015302.1896502299,True,10162.8173933879
-2.63850131242632,2.7488566291766507,2016202.1027466161,True,11062.730489774141
-2.6218346457596535,2.737260520932828,2017143.2736543461,True,12003.901397504145
-2.605167979092987,2.7256771610158403,2018126.0896448442,True,12986.717388002202
-2.5885013124263203,2.7141065246987277,2019150.9418447702,True,14011.569587928243
-2.5718346457596537,2.702548835290252,2020218.2252661148,True,15078.853009272832
-2.555167979092987,2.6910041217443097,2021328.3388361395,True,16188.966579297557
-2.53850131242632,2.6794725042274914,2022481.6854271442,True,17342.313170302194
-2.5218346457596534,2.667954084980202,2023678.671886042,True,18539.299629200017
-2.505167979092987,2.65644898369449,2024919.7090637255,True,19780.33680688357
-2.4885013124263202,2.6449572779078916,2026205.2118442005,True,21065.839587358525
-2.471834645759653,2.6334790652319917,2027535.5991734695,True,22396.226916627493
-2.4551679790929866,2.62201451494781,2028911.2940881439,True,23771.92183130188
-2.43850131242632,2.6105636276363082,2030332.7237437633,True,25193.35148692131
-2.4218346457596533,2.5991266382662888,2031800.3194427963,True,26660.947185954312
-2.4051679790929867,2.5877035605012666,2033314.5166623064,True,28175.14440546441
-2.38850131242632,2.5762945322370268,2034875.7550812499,True,29736.38282440789
-2.3718346457596535,2.5648996634139247,2036484.4786073887,True,31345.106350546703
-2.355167979092987,2.5535190647733716,2038141.1354037914,True,33001.763146949466
-2.3385013124263203,2.5421528478867574,2039846.177914889,True,34706.80565804709
-2.3218346457596537,2.530801125102495,2041600.06289207,True,36460.690635228064
-2.3051679790929867,2.519464009573427,2043403.2514187791,True,38263.87916193716
-2.28850131242632,2.5081416152628955,2045256.2089350882,True,40116.83667824627
-2.2718346457596534,2.4968340396027946,2047159.4052617203,True,42020.03300487832
-2.255167979092987,2.4855414295840843,2049113.3146234867,True,43973.94236664474
-2.23850131242632,2.4742638865284223,2051118.4156721085,True,45979.043415266555
-2.221834645759653,2.4630015276196775,2053175.1915083928,True,48035.81925155083
-2.2051679790929866,2.451754466467926,2055284.1297037262,True,50144.75744688418
-2.18850131242632,2.4405228501901117,2057445.7223208556,True,52306.35006401362
-2.1718346457596533,2.4293067515424216,2059660.4659339169,True,54521.09367707488
-2.1551679790929867,2.418106317005203,2061928.8616476809,True,56789.48939083889
-2.13850131242632,2.406921666992202,2064251.4151159732,True,59112.04285913124
-2.1218346457596535,2.3957529227747063,2066628.6365592342,True,61489.26430239226
-2.105167979092987,2.384600171057693,2069061.0407811815,True,63921.66852433956
-2.0885013124263203,2.373463640916836,2071549.1471845275,True,66409.7749276855
-2.0718346457596537,2.3623433146137782,2074093.4797857222,True,68954.10752888024
-2.0551679790929867,2.351239416551124,2076694.5672286688,True,71555.19497182686
