graph_type,num_sensors,noise,amplitude,num_edges_mean,num_edges_ci95,mean_degree_mean,mean_degree_ci95,mean_anomaly_degree_mean,mean_anomaly_degree_ci95,trace_L_mean,trace_L_ci95,trace_L2_mean,trace_L2_ci95,lambda_2_mean,lambda_2_ci95,lambda_max_mean,lambda_max_ci95,tau_mean,tau_ci95,pfa_mean,pfa_ci95,pd_mean,pd_ci95,gesnr,log_gesnr,pd_predicted,residual,abs_residual
grid,10,0.1,0.5,13.0,0.0,2.6000000000000005,1.9968686188423e-16,2.6036750000000004,0.0054644048696035,26.0,0.0,98.0,0.0,0.4568527285104064,2.4960857735528755e-17,5.941623247098444,3.9937372376846e-16,0.701942533040881,0.0102569789293469,0.01035,0.0017358365797444,0.67115,0.0122878211935318,4.6494196428571435,1.536742403822389,0.7693009798664089,-0.09815097986640886,0.09815097986640886
grid,10,0.1,1.0,13.0,0.0,2.6000000000000005,1.9968686188423e-16,2.59685,0.0066360660667375,26.0,0.0,98.0,0.0,0.4568527285104064,2.4960857735528755e-17,5.941623247098444,3.9937372376846e-16,0.7073010850835163,0.0125250230987952,0.01125,0.0014717182939822,1.0,0.0,18.54892857142857,2.9204120284326938,0.991402503962501,0.008597496037499042,0.008597496037499042
grid,10,0.1,1.5,13.0,0.0,2.6000000000000005,1.9968686188423e-16,2.5963750000000005,0.0049117845133172,26.0,0.0,98.0,0.0,0.4568527285104064,2.4960857735528755e-17,5.941623247098444,3.9937372376846e-16,0.6975015817752539,0.0099723756678955,0.010125,0.0013893443171435,1.0,0.0,41.727455357142865,3.731159314003297,0.9989136008334794,0.0010863991665206463,0.0010863991665206463
grid,10,0.1,2.0,13.0,0.0,2.6000000000000005,1.9968686188423e-16,2.599225,0.0060266645178345,26.0,0.0,98.0,0.0,0.4568527285104064,2.4960857735528755e-17,5.941623247098444,3.9937372376846e-16,0.7072369374809604,0.0112837974435107,0.009875,0.0013893443171435,1.0,0.0,74.26357142857142,4.307620541163327,0.9997515432253584,0.0002484567746415811,0.0002484567746415811
grid,10,0.1,3.0,13.0,0.0,2.6000000000000005,1.9968686188423e-16,2.600725,0.0066461034844723,26.0,0.0,98.0,0.0,0.4568527285104064,2.4960857735528755e-17,5.941623247098444,3.9937372376846e-16,0.7021430508386552,0.0097845195876595,0.010525,0.0013366836219776,1.0,0.0,167.18946428571428,5.119127686019971,0.9999688943193433,3.110568065667341e-05,3.110568065667341e-05
grid,10,0.2,0.5,13.0,0.0,2.6000000000000005,1.9968686188423e-16,2.603625,0.0052481072026518,26.0,0.0,98.0,0.0,0.4568527285104064,2.4960857735528755e-17,5.941623247098444,3.9937372376846e-16,2.8130287889048224,0.0453719762808693,0.010125,0.001165801170192,0.1021,0.0075481767195445,1.1623325892857141,0.15042883889246147,0.0874094877021961,0.014690512297803895,0.014690512297803895
grid,10,0.2,1.0,13.0,0.0,2.6000000000000005,1.9968686188423e-16,2.6031999999999997,0.0048909136806509,26.0,0.0,98.0,0.0,0.4568527285104064,2.4960857735528755e-17,5.941623247098444,3.9937372376846e-16,2.7822919756202094,0.0406126652338454,0.0117,0.0017435362734517,0.685825,0.0124470508259249,4.648571428571428,1.5365599527355782,0.7692180489722921,-0.08339304897229205,0.08339304897229205
grid,10,0.2,1.5,13.0,0.0,2.6000000000000005,1.9968686188423e-16,2.6028,0.0061532106125262,26.0,0.0,98.0,0.0,0.4568527285104064,2.4960857735528755e-17,5.941623247098444,3.9937372376846e-16,2.8258169267854623,0.035956250835375,0.0095,0.0010852436059293,0.987075,0.0013287186348231,10.45767857142857,2.347336500107963,0.9637406886899803,0.02333431131001973,0.02333431131001973
grid,10,0.2,2.0,13.0,0.0,2.6000000000000005,1.9968686188423e-16,2.5941750000000003,0.0069070975357541,26.0,0.0,98.0,0.0,0.4568527285104064,2.4960857735528755e-17,5.941623247098444,3.9937372376846e-16,2.791782096350769,0.0363840143449283,0.01,0.0013109578659574,0.999975,4.89999999999946e-05,18.52982142857143,2.9193814033685577,0.9913799792493112,0.008595020750688742,0.008595020750688742
grid,10,0.2,3.0,13.0,0.0,2.6000000000000005,1.9968686188423e-16,2.604375,0.0044959160122797,26.0,0.0,98.0,0.0,0.4568527285104064,2.4960857735528755e-17,5.941623247098444,3.9937372376846e-16,2.785669316770232,0.0286063902110788,0.01055,0.0010349390015078,1.0,0.0,41.856026785714285,3.7342357957837424,0.9989221168993039,0.0010778831006961198,0.0010778831006961198
grid,10,0.3,0.5,13.0,0.0,2.6000000000000005,1.9968686188423e-16,2.597725,0.0056397522295333,26.0,0.0,98.0,0.0,0.4568527285104064,2.4960857735528755e-17,5.941623247098444,3.9937372376846e-16,6.261360395759619,0.0922220151009406,0.01145,0.0014843718501351,0.041425,0.003214540738254,0.515421626984127,-0.6627700200917949,0.01179620165542802,0.029628798344571976,0.029628798344571976
grid,10,0.3,1.0,13.0,0.0,2.6000000000000005,1.9968686188423e-16,2.5992999999999995,0.0071406689057155,26.0,0.0,98.0,0.0,0.4568527285104064,2.4960857735528755e-17,5.941623247098444,3.9937372376846e-16,6.332617109237027,0.106302547258675,0.010625,0.001451617518857,0.23185,0.012371250041081,2.0629365079365076,0.7241304570457089,0.2938918436138482,-0.06204184361384818,0.06204184361384818
grid,10,0.3,1.5,13.0,0.0,2.6000000000000005,1.9968686188423e-16,2.5979750000000004,0.0067875822336784,26.0,0.0,98.0,0.0,0.4568527285104064,2.4960857735528755e-17,5.941623247098444,3.9937372376846e-16,6.374778394220303,0.1019208900118452,0.0106,0.0017452748840949,0.6648499999999999,0.012625235722656,4.639241071428573,1.5345507906682918,0.7683034293610794,-0.10345342936107949,0.10345342936107949
grid,10,0.3,2.0,13.0,0.0,2.6000000000000005,1.9968686188423e-16,2.60495,0.0065555218829544,26.0,0.0,98.0,0.0,0.4568527285104064,2.4960857735528755e-17,5.941623247098444,3.9937372376846e-16,6.358986031043544,0.0993276562142654,0.010875,0.0011830174399212,0.9486,0.0043830392243402,8.26968253968254,2.1125961213196645,0.9357764274114945,0.012823572588505527,0.012823572588505527
grid,10,0.3,3.0,13.0,0.0,2.6000000000000005,1.9968686188423e-16,2.60495,0.0057636121532101,26.0,0.0,98.0,0.0,0.4568527285104064,2.4960857735528755e-17,5.941623247098444,3.9937372376846e-16,6.304056109032195,0.109275050204647,0.0116,0.001941342780004,0.99995,6.744822575793773e-05,18.606785714285714,2.9235263375359932,0.9914702144552267,0.008479785544773355,0.008479785544773355
grid,20,0.1,0.5,31.0,0.0,3.1000000000000005,1.9968686188423e-16,3.0977500000000004,0.0070258118841582,62.0,0.0,264.0,0.0,0.3819660112501049,2.4960857735528755e-17,7.032247551122994,3.9937372376846e-16,1.28347867061222,0.0152213968250377,0.012975,0.0017566418171284,0.551175,0.0139183017925849,3.3703066171047684,1.215003724529535,0.5939851517912944,-0.04281015179129444,0.04281015179129444
grid,20,0.1,1.0,31.0,0.0,3.1000000000000005,1.9968686188423e-16,3.09945,0.0068200574005918,62.0,0.0,264.0,0.0,0.3819660112501049,2.4960857735528755e-17,7.032247551122994,3.9937372376846e-16,1.2741980646483877,0.0137908857152772,0.0123,0.0013422027456857,0.9998,0.000165213737163,13.48862476879719,2.601846720530547,0.9807701082490218,0.019029891750978245,0.019029891750978245
grid,20,0.1,1.5,31.0,0.0,3.1000000000000005,1.9968686188423e-16,3.0985500000000004,0.0052721430577188,62.0,0.0,264.0,0.0,0.3819660112501049,2.4960857735528755e-17,7.032247551122994,3.9937372376846e-16,1.292645312875639,0.0136049863554848,0.010925,0.0016540866616385,1.0,0.0,30.34059304846092,3.4124865204815236,0.9975464111350282,0.002453588864971823,0.002453588864971823
grid,20,0.1,2.0,31.0,0.0,3.1000000000000005,1.9968686188423e-16,3.104375,0.0061800452859863,62.0,0.0,264.0,0.0,0.3819660112501049,2.4960857735528755e-17,7.032247551122994,3.9937372376846e-16,1.297608828275679,0.015713750907198,0.010275,0.0018870441798861,1.0,0.0,54.04023232074694,3.989728812134329,0.9994393991386278,0.000560600861372218,0.000560600861372218
grid,20,0.1,3.0,31.0,0.0,3.1000000000000005,1.9968686188423e-16,3.101125,0.0050121263215483,62.0,0.0,264.0,0.0,0.3819660112501049,2.4960857735528755e-17,7.032247551122994,3.9937372376846e-16,1.2910142055029674,0.0177739110524338,0.009925,0.0016371928960716,1.0,0.0,121.46322843576301,4.799611570354638,0.9999295034809311,7.049651906887444e-05,7.049651906887444e-05
grid,20,0.2,0.5,31.0,0.0,3.1000000000000005,1.9968686188423e-16,3.1004499999999995,0.0072893681626411,62.0,0.0,264.0,0.0,0.3819660112501049,2.4960857735528755e-17,7.032247551122994,3.9937372376846e-16,5.154260672850528,0.0614172337845762,0.010275,0.0013423439632931,0.070075,0.0046914511894676,0.843311044387255,-0.17041941585827836,0.04041472336869826,0.02966027663130174,0.02966027663130174
grid,20,0.2,1.0,31.0,0.0,3.1000000000000005,1.9968686188423e-16,3.1017750000000004,0.0087018595078716,62.0,0.0,264.0,0.0,0.3819660112501049,2.4960857735528755e-17,7.032247551122994,3.9937372376846e-16,5.241327873203279,0.0539137597373318,0.0085,0.0011308618045776,0.522125,0.0137820995936949,3.374685758137404,1.2163022112895805,0.5947868153583208,-0.07266181535832084,0.07266181535832084
grid,20,0.2,1.5,31.0,0.0,3.1000000000000005,1.9968686188423e-16,3.0951500000000003,0.0073336829406297,62.0,0.0,264.0,0.0,0.3819660112501049,2.4960857735528755e-17,7.032247551122994,3.9937372376846e-16,5.177293321137406,0.0682995117389871,0.010125,0.0017105732341743,0.9568500000000002,0.0042611172490939,7.576825174189849,2.025094269460114,0.9209214286185468,0.035928571381453445,0.035928571381453445
grid,20,0.2,2.0,31.0,0.0,3.1000000000000005,1.9968686188423e-16,3.10005,0.0058238113582809,62.0,0.0,264.0,0.0,0.3819660112501049,2.4960857735528755e-17,7.032247551122994,3.9937372376846e-16,5.164130747200108,0.0742609012257616,0.0108,0.0017172458978504,0.9996000000000004,0.0001524853746222,13.491235933636524,2.6020402845282478,0.9807794545200347,0.0188205454799657,0.0188205454799657
grid,20,0.2,3.0,31.0,0.0,3.1000000000000005,1.9968686188423e-16,3.1023000000000005,0.0057065433172437,62.0,0.0,264.0,0.0,0.3819660112501049,2.4960857735528755e-17,7.032247551122994,3.9937372376846e-16,5.171353811371281,0.0505027995266344,0.00995,0.0014586084933394,1.0,0.0,30.37731255401408,3.4136960322281915,0.9975539803198511,0.002446019680148903,0.002446019680148903
grid,20,0.3,0.5,31.0,0.0,3.1000000000000005,1.9968686188423e-16,3.102175,0.006588738122936,62.0,0.0,264.0,0.0,0.3819660112501049,2.4960857735528755e-17,7.032247551122994,3.9937372376846e-16,11.576463831411818,0.1221066924454041,0.011525,0.0015502906179165,0.0289999999999999,0.0020334145511533,0.37501343914192153,-0.9807934159420909,0.005259211414527803,0.023740788585472097,0.023740788585472097
grid,20,0.3,1.0,31.0,0.0,3.1000000000000005,1.9968686188423e-16,3.098775,0.0070437662585624,62.0,0.0,264.0,0.0,0.3819660112501049,2.4960857735528755e-17,7.032247551122994,3.9937372376846e-16,11.646050657480435,0.1237884247948835,0.009575,0.0014951868568316,0.16075,0.0083578667008677,1.4984096898169934,0.4044043389027221,0.15507923962758402,0.005670760372415984,0.005670760372415984
grid,20,0.3,1.5,31.0,0.0,3.1000000000000005,1.9968686188423e-16,3.09315,0.0076593590634698,62.0,0.0,264.0,0.0,0.3819660112501049,2.4960857735528755e-17,7.032247551122994,3.9937372376846e-16,11.591847035710792,0.162392578750925,0.0104,0.0014459042699621,0.5445249999999999,0.0184053171650848,3.3653018844960427,1.213517672147318,0.5930670735950627,-0.048542073595062796,0.048542073595062796
grid,20,0.3,2.0,31.0,0.0,3.1000000000000005,1.9968686188423e-16,3.10265,0.004916528963876,62.0,0.0,264.0,0.0,0.3819660112501049,2.4960857735528755e-17,7.032247551122994,3.9937372376846e-16,11.577154973576445,0.1049667316731158,0.010675,0.0013991330210263,0.889875,0.0056555939471232,6.001133769454955,1.791948412952891,0.865051548990089,0.024823451009911013,0.024823451009911013
grid,20,0.3,3.0,31.0,0.0,3.1000000000000005,1.9968686188423e-16,3.100925,0.005707816482684,62.0,0.0,264.0,0.0,0.3819660112501049,2.4960857735528755e-17,7.032247551122994,3.9937372376846e-16,11.538311654167195,0.0918655314618851,0.010625,0.0010201195750344,0.9997750000000002,0.0001118502288071,13.49504388236056,2.6023224982142596,0.9807930732769352,0.01898192672306498,0.01898192672306498
grid,40,0.1,0.5,67.0,0.0,3.35,0.0,3.3489750000000003,0.0084045995521249,134.0,0.0,602.0,0.0,0.1974165699222627,1.2480428867764377e-17,7.512389811858588,3.9937372376846e-16,2.2931926820609347,0.0204294383095975,0.010425,0.0014348058918782,0.38315,0.0147708534550131,2.4128963739138003,0.8808278408031225,0.3833653642450329,-0.00021536424503293405,0.00021536424503293405
grid,40,0.1,1.0,67.0,0.0,3.35,0.0,3.357175,0.0071015842969238,134.0,0.0,602.0,0.0,0.1974165699222627,1.2480428867764377e-17,7.512389811858588,3.9937372376846e-16,2.2898690907276795,0.0173683504631073,0.010575,0.0013643801561611,0.9963250000000002,0.0005831444255522,9.675217502781072,2.269567719570758,0.9561012041132658,0.040223795886734415,0.040223795886734415
grid,40,0.1,1.5,67.0,0.0,3.35,0.0,3.3514749999999998,0.0069864826592047,134.0,0.0,602.0,0.0,0.1974165699222627,1.2480428867764377e-17,7.512389811858588,3.9937372376846e-16,2.300274177575461,0.0189079143739824,0.01075,0.0012221598655012,1.0,0.0,21.73227834572213,3.0787986367115296,0.9942526001897923,0.005747399810207665,0.005747399810207665
grid,40,0.1,2.0,67.0,0.0,3.35,0.0,3.3495000000000004,0.0063911914711619,134.0,0.0,602.0,0.0,0.1974165699222627,1.2480428867764377e-17,7.512389811858588,3.9937372376846e-16,2.289105641813255,0.014465549552185,0.010325,0.0013550865383125,1.0,0.0,38.612394082006695,3.653573315139784,0.9986751343414535,0.0013248656585465035,0.0013248656585465035
grid,40,0.1,3.0,67.0,0.0,3.35,0.0,3.348324999999999,0.0102197046280315,134.0,0.0,602.0,0.0,0.1974165699222627,1.2480428867764377e-17,7.512389811858588,3.9937372376846e-16,2.300181364282144,0.0177783143492955,0.0095,0.001176859335153,1.0,0.0,86.84741004117892,4.46415267118522,0.9998335814971973,0.0001664185028027454,0.0001664185028027454
grid,40,0.2,0.5,67.0,0.0,3.35,0.0,3.34935,0.0088008089460721,134.0,0.0,602.0,0.0,0.1974165699222627,1.2480428867764377e-17,7.512389811858588,3.9937372376846e-16,9.217500867865766,0.0804806658262216,0.010125,0.0009796775785403,0.0451,0.0039184523260566,0.6032916392305246,-0.5053545520260713,0.017549851734791365,0.027550148265208636,0.027550148265208636
grid,40,0.2,1.0,67.0,0.0,3.35,0.0,3.35085,0.0055318968099368,134.0,0.0,602.0,0.0,0.1974165699222627,1.2480428867764377e-17,7.512389811858588,3.9937372376846e-16,9.17284614827138,0.1000320403710534,0.009925,0.0011881336758037,0.384075,0.0177808890473955,2.414247288955294,0.8813875569297227,0.38370425081706105,0.0003707491829389453,0.0003707491829389453
grid,40,0.2,1.5,67.0,0.0,3.35,0.0,3.3441,0.0043766917571199,134.0,0.0,602.0,0.0,0.1974165699222627,1.2480428867764377e-17,7.512389811858588,3.9937372376846e-16,9.160413723259268,0.0825323646706661,0.0107,0.0013251473800854,0.892775,0.0066979989902719,5.421113988313309,1.6903013272316967,0.8316826630466031,0.061092336953396886,0.061092336953396886
grid,40,0.2,2.0,67.0,0.0,3.35,0.0,3.3507000000000007,0.0063141690956467,134.0,0.0,602.0,0.0,0.1974165699222627,1.2480428867764377e-17,7.512389811858588,3.9937372376846e-16,9.145080508127217,0.0678557503681109,0.0103,0.000960199979171,0.996125,0.0005547135344149,9.6565568630079,2.267637152286462,0.9558932372576425,0.04023176274235751,0.04023176274235751
grid,40,0.2,3.0,67.0,0.0,3.35,0.0,3.3493000000000004,0.0061982273187369,134.0,0.0,602.0,0.0,0.1974165699222627,1.2480428867764377e-17,7.512389811858588,3.9937372376846e-16,9.118764650350702,0.0714624740092786,0.01095,0.0009667579025305,1.0,0.0,21.71817479268893,3.078149458048947,0.9942430927740785,0.0057569072259214815,0.0057569072259214815
grid,40,0.3,0.5,67.0,0.0,3.35,0.0,3.3518,0.0082233990155179,134.0,0.0,602.0,0.0,0.1974165699222627,1.2480428867764377e-17,7.512389811858588,3.9937372376846e-16,20.732406357854437,0.1538918278150677,0.009225,0.0012487033063816,0.020175,0.0017360913600747,0.2683257502862576,-1.3155535504337659,0.0022384067450766905,0.01793659325492331,0.01793659325492331
grid,40,0.3,1.0,67.0,0.0,3.35,0.0,3.355625,0.0058125062761709,134.0,0.0,602.0,0.0,0.1974165699222627,1.2480428867764377e-17,7.512389811858588,3.9937372376846e-16,20.559741883379804,0.161552754420078,0.011325,0.0011987223681025,0.1048,0.0060559175757444,1.074527830782652,0.07188133791218579,0.07263995661869263,0.032160043381307374,0.032160043381307374
grid,40,0.3,1.5,67.0,0.0,3.35,0.0,3.3486499999999992,0.0082836319392681,134.0,0.0,602.0,0.0,0.1974165699222627,1.2480428867764377e-17,7.512389811858588,3.9937372376846e-16,20.5199518097232,0.1693949383016395,0.01045,0.0018194359449826,0.391375,0.0141794421889393,2.4126622153066077,0.8807307914758593,0.38330661612887157,0.008068383871128404,0.008068383871128404
grid,40,0.3,2.0,67.0,0.0,3.35,0.0,3.348475,0.0064480703723141,134.0,0.0,602.0,0.0,0.1974165699222627,1.2480428867764377e-17,7.512389811858588,3.9937372376846e-16,20.66041981287805,0.1526462405002364,0.00975,0.0014281408599257,0.7702,0.0098204554937774,4.288953119827085,1.456042675147911,0.7306088202256554,0.039591179774344565,0.039591179774344565
grid,40,0.3,3.0,67.0,0.0,3.35,0.0,3.3534999999999995,0.0067219262590108,134.0,0.0,602.0,0.0,0.1974165699222627,1.2480428867764377e-17,7.512389811858588,3.9937372376846e-16,20.62678851413857,0.1877306411698614,0.0114,0.0014770323019665,0.9961,0.0006616193849384,9.664626328855759,2.268472449611363,0.9559833332377243,0.040116666762275655,0.040116666762275655
grid,80,0.1,0.5,142.0,0.0,3.5499999999999994,1.9968686188423e-16,3.5518500000000004,0.0042462632736882,284.0,0.0,1322.0,0.0,0.1200140901580395,0.0,7.758055654248767,7.9874744753692e-16,4.208315946839903,0.0284858975148458,0.0098,0.0014011637268619,0.22885,0.0112757394996141,1.7268869192697502,0.5463203188909059,0.20884686902024993,0.020003130979750067,0.020003130979750067
grid,80,0.1,1.0,142.0,0.0,3.5499999999999994,1.9968686188423e-16,3.552225,0.00622348734105,284.0,0.0,1322.0,0.0,0.1200140901580395,0.0,7.758055654248767,7.9874744753692e-16,4.171643766441273,0.0236066648922709,0.011125,0.0016458150276574,0.98245,0.0019207947368348,6.908276967555485,1.9327202532206367,0.9018881839021169,0.08056181609788315,0.08056181609788315
grid,80,0.1,1.5,142.0,0.0,3.5499999999999994,1.9968686188423e-16,3.556549999999999,0.0054452346911868,284.0,0.0,1322.0,0.0,0.1200140901580395,0.0,7.758055654248767,7.9874744753692e-16,4.190123502966137,0.0265264835777481,0.010775,0.0014280966169585,1.0,0.0,15.562548264864635,2.744867275576881,0.9865881910355663,0.013411808964433725,0.013411808964433725
grid,80,0.1,2.0,142.0,0.0,3.5499999999999994,1.9968686188423e-16,3.5519,0.0047738649463841,284.0,0.0,1322.0,0.0,0.1200140901580395,0.0,7.758055654248767,7.9874744753692e-16,4.197350996755126,0.0223242849706011,0.010425,0.0010974595304851,1.0,0.0,27.63057966323679,3.3189231182026564,0.9968842074333393,0.0031157925666607245,0.0031157925666607245
grid,80,0.1,3.0,142.0,0.0,3.5499999999999994,1.9968686188423e-16,3.548350000000001,0.0059458670475691,284.0,0.0,1322.0,0.0,0.1200140901580395,0.0,7.758055654248767,7.9874744753692e-16,4.166267503760492,0.0220238635802044,0.011475,0.0011949212482308,1.0,0.0,62.106668693686245,4.128853369545689,0.9996073537624882,0.0003926462375117845,0.0003926462375117845
grid,80,0.2,0.5,142.0,0.0,3.5499999999999994,1.9968686188423e-16,3.550025,0.0059298524832987,284.0,0.0,1322.0,0.0,0.1200140901580395,0.0,7.758055654248767,7.9874744753692e-16,16.74665199917695,0.0902538866759236,0.0095,0.0016071622588636,0.032225,0.0032350743829405,0.43149990396417326,-0.8404879910214295,0.007515760001877359,0.024709239998122638,0.024709239998122638
grid,80,0.2,1.0,142.0,0.0,3.5499999999999994,1.9968686188423e-16,3.54585,0.0057803387443989,284.0,0.0,1322.0,0.0,0.1200140901580395,0.0,7.758055654248767,7.9874744753692e-16,16.730151028516048,0.1415843420489168,0.01,0.0014325582563703,0.2372,0.0143888494401229,1.7239697573638086,0.5446296299552748,0.20813240943361078,0.029067590566389218,0.029067590566389218
grid,80,0.2,1.5,142.0,0.0,3.5499999999999994,1.9968686188423e-16,3.5509250000000008,0.0066467879500275,284.0,0.0,1322.0,0.0,0.1200140901580395,0.0,7.758055654248767,7.9874744753692e-16,16.69924876956528,0.1038579020687821,0.011125,0.001261590370587,0.769525,0.0106494355150624,3.884483677820815,1.3569900735256053,0.6778832871935839,0.09164171280641609,0.09164171280641609
grid,80,0.2,2.0,142.0,0.0,3.5499999999999994,1.9968686188423e-16,3.5476,0.0052676829221604,284.0,0.0,1322.0,0.0,0.1200140901580395,0.0,7.758055654248767,7.9874744753692e-16,16.638633241156352,0.1197432004223363,0.01185,0.0015561890698281,0.98295,0.0019260507180292,6.899282385012166,1.931417404022463,0.9015925707986403,0.08135742920135969,0.08135742920135969
grid,80,0.2,3.0,142.0,0.0,3.5499999999999994,1.9968686188423e-16,3.548800000000001,0.0050480640166096,284.0,0.0,1322.0,0.0,0.1200140901580395,0.0,7.758055654248767,7.9874744753692e-16,16.699753368019323,0.1022428122574617,0.0104,0.0017611321717337,1.0,0.0,15.52863625770807,2.7426858198925426,0.9865140730071897,0.01348592699281026,0.01348592699281026
grid,80,0.3,0.5,142.0,0.0,3.5499999999999994,1.9968686188423e-16,3.5507499999999994,0.0058956677225516,284.0,0.0,1322.0,0.0,0.1200140901580395,0.0,7.758055654248767,7.9874744753692e-16,37.91666917127771,0.2370655425931865,0.009225,0.0013794861552881,0.015175,0.0015515942734728,0.19181690069485122,-1.6512140041747068,0.0009488557378596994,0.0142261442621403,0.0142261442621403
grid,80,0.3,1.0,142.0,0.0,3.5499999999999994,1.9968686188423e-16,3.547475,0.0062615445336888,284.0,0.0,1322.0,0.0,0.1200140901580395,0.0,7.758055654248767,7.9874744753692e-16,37.650579686471296,0.2186149716717065,0.0096,0.001125485252072,0.0626,0.004224482677765,0.7665599209096303,-0.265842409023037,0.03193289138336182,0.030667108616638183,0.030667108616638183
grid,80,0.3,1.5,142.0,0.0,3.5499999999999994,1.9968686188423e-16,3.54615,0.0049874708494069,284.0,0.0,1322.0,0.0,0.1200140901580395,0.0,7.758055654248767,7.9874744753692e-16,37.620085105081685,0.2251362095970838,0.011025,0.0013479805363267,0.23645,0.0114987521428242,1.724115615459106,0.5447142323241917,0.20816811825228365,0.028281881747716342,0.028281881747716342
grid,80,0.3,2.0,142.0,0.0,3.5499999999999994,1.9968686188423e-16,3.5499,0.0063457912450943,284.0,0.0,1322.0,0.0,0.1200140901580395,0.0,7.758055654248767,7.9874744753692e-16,37.795914846509056,0.246126582470095,0.0105,0.0013281954516917,0.5854250000000001,0.0142250699582037,3.068335718489457,1.12113530336246,0.5349647606385824,0.050460239361417636,0.050460239361417636
grid,80,0.3,3.0,142.0,0.0,3.5499999999999994,1.9968686188423e-16,3.5465999999999998,0.0061389002272394,284.0,0.0,1322.0,0.0,0.1200140901580395,0.0,7.758055654248767,7.9874744753692e-16,37.67195103789205,0.1584757819875856,0.010325,0.0009385703293615,0.982375,0.0019688451731381,6.897337610408206,1.9311354835785446,0.9015284994431975,0.08084650055680254,0.08084650055680254
path,10,0.1,0.5,9.0,0.0,1.7999999999999996,1.9968686188423e-16,1.7998749999999997,0.0039806994558613,18.0,0.0,52.0,0.0,0.0978869674096927,6.240214433882189e-18,3.9021130325903055,1.9968686188423e-16,0.5041214076565036,0.0046329443675931,0.010775,0.000802715752273,0.6380500000000001,0.0090034609602728,4.412306609147986,1.4843975933438116,0.7446586275109441,-0.10660862751094402,0.10660862751094402
path,10,0.1,1.0,9.0,0.0,1.7999999999999996,1.9968686188423e-16,1.7975249999999998,0.0038690408100036,18.0,0.0,52.0,0.0,0.0978869674096927,6.240214433882189e-18,3.9021130325903055,1.9968686188423e-16,0.5086815689158358,0.0078402723481659,0.009475,0.0014192203011364,0.999475,0.0002188461367695,17.62618279071321,2.869385455139593,0.9902141279730599,0.009260872026940148,0.009260872026940148
path,10,0.1,1.5,9.0,0.0,1.7999999999999996,1.9968686188423e-16,1.8011000000000004,0.0030872660704049,18.0,0.0,52.0,0.0,0.0978869674096927,6.240214433882189e-18,3.9021130325903055,1.9968686188423e-16,0.5062449375463546,0.0103228926888165,0.010475,0.0015106579082603,1.0,0.0,39.737786737205624,3.6823025419946087,0.9987689891647378,0.001231010835262225,0.001231010835262225
path,10,0.1,2.0,9.0,0.0,1.7999999999999996,1.9968686188423e-16,1.8009499999999998,0.0041001889301784,18.0,0.0,52.0,0.0,0.0978869674096927,6.240214433882189e-18,3.9021130325903055,1.9968686188423e-16,0.4992569750658623,0.0068646263237352,0.010525,0.0010933064047817,1.0,0.0,70.63907071542249,4.257583400991486,0.9997175873474795,0.00028241265252049175,0.00028241265252049175
path,10,0.1,3.0,9.0,0.0,1.7999999999999996,1.9968686188423e-16,1.80185,0.0036036265651496,18.0,0.0,52.0,0.0,0.0978869674096927,6.240214433882189e-18,3.9021130325903055,1.9968686188423e-16,0.4956078898398722,0.0066644301967816,0.0115,0.0012973925267323,1.0,0.0,159.0173361444316,5.069013228631552,0.9999646351431914,3.5364856808550726e-05,3.5364856808550726e-05
path,10,0.2,0.5,9.0,0.0,1.7999999999999996,1.9968686188423e-16,1.7982749999999996,0.0044134229406019,18.0,0.0,52.0,0.0,0.0978869674096927,6.240214433882189e-18,3.9021130325903055,1.9968686188423e-16,2.018930175934063,0.0262410479354468,0.010525,0.0010604492344979,0.098975,0.0044413943934191,1.1020960716113055,0.09721388625143054,0.07713288608459243,0.021842113915407566,0.021842113915407566
path,10,0.2,1.0,9.0,0.0,1.7999999999999996,1.9968686188423e-16,1.799,0.0040543808664858,18.0,0.0,52.0,0.0,0.0978869674096927,6.240214433882189e-18,3.9021130325903055,1.9968686188423e-16,2.0171689252267795,0.0303687991106143,0.010075,0.0013287186348231,0.6378000000000001,0.0133664391510584,4.410161588919912,1.4839113302659102,0.7444217874305716,-0.10662178743057149,0.10662178743057149
path,10,0.2,1.5,9.0,0.0,1.7999999999999996,1.9968686188423e-16,1.7990749999999998,0.003882604192522,18.0,0.0,52.0,0.0,0.0978869674096927,6.240214433882189e-18,3.9021130325903055,1.9968686188423e-16,2.000796187712792,0.0316869961090975,0.01065,0.0014274328078941,0.967,0.0028491941612359,9.92327725754236,2.294883235440924,0.9587430882297343,0.008256911770265662,0.008256911770265662
path,10,0.2,2.0,9.0,0.0,1.7999999999999996,1.9968686188423e-16,1.7975,0.0039405775692082,18.0,0.0,52.0,0.0,0.0978869674096927,6.240214433882189e-18,3.9021130325903055,1.9968686188423e-16,1.9923205424951067,0.0294416934470962,0.01105,0.0017457092662024,0.9997,0.000165213737163,17.62593764554429,2.86937154703047,0.9902137828471692,0.009486217152830823,0.009486217152830823
path,10,0.2,3.0,9.0,0.0,1.7999999999999996,1.9968686188423e-16,1.800425,0.004471904404166,18.0,0.0,52.0,0.0,0.0978869674096927,6.240214433882189e-18,3.9021130325903055,1.9968686188423e-16,2.022312032002999,0.0265683264864574,0.00965,0.0013640559488448,1.0,0.0,39.722894168193555,3.681927700777122,0.998767808421619,0.0012321915783809478,0.0012321915783809478
path,10,0.3,0.5,9.0,0.0,1.7999999999999996,1.9968686188423e-16,1.7984999999999995,0.0048403207810183,18.0,0.0,52.0,0.0,0.0978869674096927,6.240214433882189e-18,3.9021130325903055,1.9968686188423e-16,4.538475129850826,0.0746168204752139,0.010475,0.001311873288971,0.037,0.0038180965221732,0.48988176256392213,-0.7135912178851636,0.010371647854035212,0.026628352145964786,0.026628352145964786
path,10,0.3,1.0,9.0,0.0,1.7999999999999996,1.9968686188423e-16,1.798975,0.0034299815788978,18.0,0.0,52.0,0.0,0.0978869674096927,6.240214433882189e-18,3.9021130325903055,1.9968686188423e-16,4.507950668994577,0.0834811412958274,0.010625,0.0013802188041641,0.2270249999999999,0.0124694068128022,1.960044578945637,0.6729672173437957,0.2674547563459309,-0.04042975634593102,0.04042975634593102
path,10,0.3,1.5,9.0,0.0,1.7999999999999996,1.9968686188423e-16,1.80145,0.003720129567636,18.0,0.0,52.0,0.0,0.0978869674096927,6.240214433882189e-18,3.9021130325903055,1.9968686188423e-16,4.532002092928968,0.0894946027099839,0.0113,0.0020076471696726,0.6386,0.0161283863257823,4.416167645558521,1.4852722714694544,0.7450842864784157,-0.10648428647841579,0.10648428647841579
path,10,0.3,2.0,9.0,0.0,1.7999999999999996,1.9968686188423e-16,1.7975249999999998,0.0050974256609018,18.0,0.0,52.0,0.0,0.0978869674096927,6.240214433882189e-18,3.9021130325903055,1.9968686188423e-16,4.528208893888414,0.0757465564943042,0.01115,0.0011198572277421,0.915625,0.0067575040354759,7.833859018094762,2.058455238923264,0.9269234240536236,-0.01129842405362358,0.01129842405362358
path,10,0.3,3.0,9.0,0.0,1.7999999999999996,1.9968686188423e-16,1.7985750000000005,0.0037278494647154,18.0,0.0,52.0,0.0,0.0978869674096927,6.240214433882189e-18,3.9021130325903055,1.9968686188423e-16,4.554764996013145,0.0474315688398442,0.0109,0.0014158773363462,0.9993,0.0002400499947927,17.636478887807975,2.869969421119315,0.990228608057092,0.009071391942907958,0.009071391942907958
path,20,0.1,0.5,19.0,0.0,1.9,9.9843430942115e-17,1.898775,0.0029300757938822,38.0,0.0,112.0,0.0,0.0246233188097241,0.0,3.975376681190274,5.9906058565269e-16,0.8205239715432636,0.008167124807717,0.010275,0.0013214708511829,0.5027,0.0134224793693658,3.171681028826647,1.1542617403387931,0.5559934979050324,-0.05329349790503235,0.05329349790503235
path,20,0.1,1.0,19.0,0.0,1.9,9.9843430942115e-17,1.89935,0.0022064036468043,38.0,0.0,112.0,0.0,0.0246233188097241,0.0,3.975376681190274,5.9906058565269e-16,0.8197032459957528,0.0086261057979348,0.0105,0.0014307929343733,0.99745,0.0006512237872288,12.690565995659078,2.540858882438453,0.9775924603046315,0.01985753969536841,0.01985753969536841
path,20,0.1,1.5,19.0,0.0,1.9,9.9843430942115e-17,1.9008750000000003,0.0021645113098633,38.0,0.0,112.0,0.0,0.0246233188097241,0.0,3.975376681190274,5.9906058565269e-16,0.8182218687685461,0.0108113020805831,0.0109,0.0013063227617609,1.0,0.0,28.57669949364073,3.3525916827553863,0.9971408539513957,0.0028591460486042664,0.0028591460486042664
path,20,0.1,2.0,19.0,0.0,1.9,9.9843430942115e-17,1.9019,0.0031157868314355,38.0,0.0,112.0,0.0,0.0246233188097241,0.0,3.975376681190274,5.9906058565269e-16,0.8264752377274031,0.008619258527048,0.00905,0.0010709434109576,1.0,0.0,50.83041559932398,3.92849490768594,0.9993442884990016,0.0006557115009984127,0.0006557115009984127
path,20,0.1,3.0,19.0,0.0,1.9,9.9843430942115e-17,1.90035,0.0029202476823577,38.0,0.0,112.0,0.0,0.0246233188097241,0.0,3.975376681190274,5.9906058565269e-16,0.8217999763363475,0.0114840616305645,0.010425,0.0011020557584518,1.0,0.0,114.275227740362,4.7386098171308255,0.9999175852994694,8.241470053060862e-05,8.241470053060862e-05
path,20,0.2,0.5,19.0,0.0,1.9,9.9843430942115e-17,1.9012,0.002767661144455,38.0,0.0,112.0,0.0,0.0246233188097241,0.0,3.975376681190274,5.9906058565269e-16,3.2650715503892505,0.0291934095639259,0.010625,0.001451617518857,0.0648499999999999,0.0046366260646247,0.7939329267560955,-0.2307562964214927,0.034830279809695754,0.03001972019030414,0.03001972019030414
path,20,0.2,1.0,19.0,0.0,1.9,9.9843430942115e-17,1.899525,0.0024959641001973,38.0,0.0,112.0,0.0,0.0246233188097241,0.0,3.975376681190274,5.9906058565269e-16,3.259724425628267,0.0367947086762076,0.010875,0.0013673407729873,0.51265,0.013034387805865,3.1729338158981113,1.154656653857866,0.5562431352951609,-0.043593135295160845,0.043593135295160845
path,20,0.2,1.5,19.0,0.0,1.9,9.9843430942115e-17,1.899775,0.0027868399289291,38.0,0.0,112.0,0.0,0.0246233188097241,0.0,3.975376681190274,5.9906058565269e-16,3.2427992078817125,0.0372918231475632,0.01105,0.0014586084933394,0.9460500000000002,0.0038074242985873,7.140040676074348,1.965718473264446,0.9091156178411991,0.03693438215880107,0.03693438215880107
path,20,0.2,2.0,19.0,0.0,1.9,9.9843430942115e-17,1.900375,0.0025024362340054,38.0,0.0,112.0,0.0,0.0246233188097241,0.0,3.975376681190274,5.9906058565269e-16,3.2477912991388638,0.0394693200133081,0.01085,0.0011422029499819,0.9977,0.0004790459817507,12.697414564983083,2.541398395179434,0.9776227043865688,0.02007729561343119,0.02007729561343119
path,20,0.2,3.0,19.0,0.0,1.9,9.9843430942115e-17,1.89995,0.0029732523039859,38.0,0.0,112.0,0.0,0.0246233188097241,0.0,3.975376681190274,5.9906058565269e-16,3.302530908657297,0.0302398025416878,0.010125,0.0011999867323827,1.0,0.0,28.562793557147472,3.352104946313555,0.9971372982189948,0.002862701781005228,0.002862701781005228
path,20,0.3,0.5,19.0,0.0,1.9,9.9843430942115e-17,1.90195,0.002807103358118,38.0,0.0,112.0,0.0,0.0246233188097241,0.0,3.975376681190274,5.9906058565269e-16,7.335202483382001,0.086298659974328,0.01145,0.0014164127409168,0.0289999999999999,0.0032009297991282,0.3529982771217608,-1.0412921027356494,0.004507812556168365,0.024492187443831536,0.024492187443831536
path,20,0.3,1.0,19.0,0.0,1.9,9.9843430942115e-17,1.90165,0.002725053007693,38.0,0.0,112.0,0.0,0.0246233188097241,0.0,3.975376681190274,5.9906058565269e-16,7.380770681988698,0.1067395262137826,0.010575,0.0018597930133839,0.145825,0.009230055513889,1.4117703907854495,0.34484451308998204,0.13612828312502734,0.009696716874972672,0.009696716874972672
path,20,0.3,1.5,19.0,0.0,1.9,9.9843430942115e-17,1.903,0.0025336763387366,38.0,0.0,112.0,0.0,0.0246233188097241,0.0,3.975376681190274,5.9906058565269e-16,7.406250686731566,0.0879838192469931,0.009275,0.0011252045194213,0.4978749999999999,0.0139769394944522,3.1787383959958975,1.1564843872546933,0.5573981319118582,-0.05952313191185826,0.05952313191185826
path,20,0.3,2.0,19.0,0.0,1.9,9.9843430942115e-17,1.900375,0.0034493794636442,38.0,0.0,112.0,0.0,0.0246233188097241,0.0,3.975376681190274,5.9906058565269e-16,7.3713094168651,0.0667492373806182,0.009925,0.0013056938264467,0.8619249999999999,0.0063368935233532,5.6432953622147055,1.7304681789631058,0.8455946134736994,0.01633038652630059,0.01633038652630059
path,20,0.3,3.0,19.0,0.0,1.9,9.9843430942115e-17,1.8993750000000005,0.0029901835447977,38.0,0.0,112.0,0.0,0.0246233188097241,0.0,3.975376681190274,5.9906058565269e-16,7.344558408190403,0.0879971797352,0.011625,0.001418151409777,0.99745,0.0004259871507822,12.69073303393528,2.540872044749492,0.9775931986344262,0.019856801365573773,0.019856801365573773
path,40,0.1,0.5,39.0,0.0,1.9500000000000004,1.9968686188423e-16,1.950125,0.0016519461409596,78.0,0.0,232.0,0.0,0.0061653325337435,0.0,3.993834667466257,3.9937372376846e-16,1.3820059013871204,0.009096644518899,0.01015,0.0010475606752933,0.33625,0.0104887473036583,2.26330700851577,0.8168270218403494,0.3454317954269419,-0.009181795426941919,0.009181795426941919
path,40,0.1,1.0,39.0,0.0,1.9500000000000004,1.9968686188423e-16,1.9499250000000004,0.0017491443171177,78.0,0.0,232.0,0.0,0.0061653325337435,0.0,3.993834667466257,3.9937372376846e-16,1.3698984970083488,0.0120195433366203,0.01145,0.0011852052009762,0.99315,0.0012459172060014,9.052299557372196,2.2030188201724936,0.948365964838394,0.044784035161606006,0.044784035161606006
path,40,0.1,1.5,39.0,0.0,1.9500000000000004,1.9968686188423e-16,1.950275,0.0025121131700119,78.0,0.0,232.0,0.0,0.0061653325337435,0.0,3.993834667466257,3.9937372376846e-16,1.3742894607346945,0.0119404232275281,0.012125,0.0013691879075991,1.0,0.0,20.3713298810578,3.0141285143647925,0.9932244588127455,0.006775541187254541,0.006775541187254541
path,40,0.1,2.0,39.0,0.0,1.9500000000000004,1.9968686188423e-16,1.9497750000000005,0.0022068331561192,78.0,0.0,232.0,0.0,0.0061653325337435,0.0,3.993834667466257,3.9937372376846e-16,1.3617139268449907,0.0092011097809172,0.011075,0.0011381575832065,1.0,0.0,36.206412799416135,3.5892362522978085,0.9984382183860162,0.0015617816139837926,0.0015617816139837926
path,40,0.1,3.0,39.0,0.0,1.9500000000000004,1.9968686188423e-16,1.950075,0.0021591334884746,78.0,0.0,232.0,0.0,0.0061653325337435,0.0,3.993834667466257,3.9937372376846e-16,1.371002251510773,0.0143596729846158,0.010475,0.0013554595064715,1.0,0.0,81.47696323401323,4.400320320585674,0.999804034792883,0.00019596520711695486,0.00019596520711695486
path,40,0.2,0.5,39.0,0.0,1.9500000000000004,1.9968686188423e-16,1.9509,0.0021966455766631,78.0,0.0,232.0,0.0,0.0061653325337435,0.0,3.993834667466257,3.9937372376846e-16,5.507441948994609,0.0418442189237089,0.01045,0.0013184551566132,0.041375,0.0031321897082426,0.5660516175775163,-0.5690700078037388,0.01494728142416437,0.026427718575835632,0.026427718575835632
path,40,0.2,1.0,39.0,0.0,1.9500000000000004,1.9968686188423e-16,1.9497,0.0026107100869102,78.0,0.0,232.0,0.0,0.0061653325337435,0.0,3.993834667466257,3.9937372376846e-16,5.43976956799563,0.0375794360401169,0.012625,0.0014127948225153,0.3556249999999999,0.0120262443606078,2.2628137552737373,0.8166090633413489,0.3453056048966784,0.010319395103321527,0.010319395103321527
path,40,0.2,1.5,39.0,0.0,1.9500000000000004,1.9968686188423e-16,1.948325,0.0021684776493636,78.0,0.0,232.0,0.0,0.0061653325337435,0.0,3.993834667466257,3.9937372376846e-16,5.471346078141142,0.0504326119336247,0.011125,0.0017311346294448,0.8799249999999998,0.0074750552576728,5.087740355912876,1.626833794058211,0.8076905331544115,0.07223446684558832,0.07223446684558832
path,40,0.2,2.0,39.0,0.0,1.9500000000000004,1.9968686188423e-16,1.950225,0.002736506214712,78.0,0.0,232.0,0.0,0.0061653325337435,0.0,3.993834667466257,3.9937372376846e-16,5.502147103488943,0.0487164026978,0.009675,0.0014348058918782,0.993125,0.0007620123980204,9.053692272408522,2.203172660409711,0.948385252450991,0.044739747549009,0.044739747549009
path,40,0.2,3.0,39.0,0.0,1.9500000000000004,1.9968686188423e-16,1.9501,0.0019825648459561,78.0,0.0,232.0,0.0,0.0061653325337435,0.0,3.993834667466257,3.9937372376846e-16,5.518902648003243,0.0568397939374647,0.009875,0.0016473499452469,1.0,0.0,20.369501942572615,3.01403877940335,0.9932229122216072,0.00677708777839281,0.00677708777839281
path,40,0.3,0.5,39.0,0.0,1.9500000000000004,1.9968686188423e-16,1.94915,0.0024711591569438,78.0,0.0,232.0,0.0,0.0061653325337435,0.0,3.993834667466257,3.9937372376846e-16,12.361390422885282,0.1018243968954733,0.009925,0.0015153351375017,0.020275,0.0020202904819799,0.2513528252831949,-1.3808976484722923,0.0018941630331589863,0.018380836966841015,0.018380836966841015
path,40,0.3,1.0,39.0,0.0,1.9500000000000004,1.9968686188423e-16,1.949625,0.0020082450442848,78.0,0.0,232.0,0.0,0.0061653325337435,0.0,3.993834667466257,3.9937372376846e-16,12.379601926715718,0.089869206462413,0.0104,0.0010912818151146,0.091175,0.0049809676242356,1.0056563158150966,0.005640378928596962,0.06200930101897375,0.029165698981026257,0.029165698981026257
path,40,0.3,1.5,39.0,0.0,1.9500000000000004,1.9968686188423e-16,1.9497500000000003,0.0021168429820197,78.0,0.0,232.0,0.0,0.0061653325337435,0.0,3.993834667466257,3.9937372376846e-16,12.266683315093562,0.083232093828849,0.0118,0.0017304410146731,0.357125,0.0099262960574955,2.2628717850669187,0.8166347079835438,0.34532045113830406,0.011804548861695963,0.011804548861695963
path,40,0.3,2.0,39.0,0.0,1.9500000000000004,1.9968686188423e-16,1.9502250000000003,0.0017723974099922,78.0,0.0,232.0,0.0,0.0061653325337435,0.0,3.993834667466257,3.9937372376846e-16,12.395236626152244,0.1050753626816034,0.009625,0.0008164517261005,0.736325,0.0108030159799547,4.023863232181568,1.3922424441933827,0.6972707515138384,0.03905424848616157,0.03905424848616157
path,40,0.3,3.0,39.0,0.0,1.9500000000000004,1.9968686188423e-16,1.950975,0.0020014376280432,78.0,0.0,232.0,0.0,0.0061653325337435,0.0,3.993834667466257,3.9937372376846e-16,12.429031758442209,0.116016571616619,0.010025,0.0015256408317059,0.992675,0.0009331692180273,9.057174059999346,2.2035571574922703,0.9484334287172579,0.04424157128274209,0.04424157128274209
path,80,0.1,0.5,79.0,0.0,1.9750000000000003,9.9843430942115e-17,1.975725,0.0014768183974163,158.0,0.0,472.0,0.0,0.0015419275185532,9.75033505294092e-20,3.998458072481445,1.9968686188423e-16,2.3850671128138643,0.0204366348743221,0.010625,0.0017956308816563,0.2103,0.0127210206806645,1.6076092884224262,0.47474816139559184,0.18017368696106056,0.030126313038939423,0.030126313038939423
path,80,0.1,1.0,79.0,0.0,1.9750000000000003,9.9843430942115e-17,1.97595,0.0017165098616853,158.0,0.0,472.0,0.0,0.0015419275185532,9.75033505294092e-20,3.998458072481445,1.9968686188423e-16,2.3903322728280205,0.0137601350625219,0.010375,0.0012575773493005,0.9804000000000002,0.0018314811952136,6.431169466313973,1.8611563982771497,0.8844357327647951,0.09596426723520501,0.09596426723520501
path,80,0.1,1.5,79.0,0.0,1.9750000000000003,9.9843430942115e-17,1.9746,0.0015970661259091,158.0,0.0,472.0,0.0,0.0015419275185532,9.75033505294092e-20,3.998458072481445,1.9968686188423e-16,2.385917406209769,0.0123169485574004,0.010525,0.0011161837945239,1.0,0.0,14.460245078778831,2.6714031653268817,0.9838569564366761,0.016143043563323856,0.016143043563323856
path,80,0.1,2.0,79.0,0.0,1.9750000000000003,9.9843430942115e-17,1.976125,0.0016069656761146,158.0,0.0,472.0,0.0,0.0015419275185532,9.75033505294092e-20,3.998458072481445,1.9968686188423e-16,2.382817638484376,0.0122115999762076,0.01055,0.0013710786379996,1.0,0.0,25.72695617119805,3.2475393204694463,0.9962616011344695,0.0037383988655305123,0.0037383988655305123
path,80,0.1,3.0,79.0,0.0,1.9750000000000003,9.9843430942115e-17,1.9749,0.0016096763976846,158.0,0.0,472.0,0.0,0.0015419275185532,9.75033505294092e-20,3.998458072481445,1.9968686188423e-16,2.379927221972976,0.0110507722917604,0.010925,0.0009935108136513,1.0,0.0,57.849768066606536,4.057849444411364,0.9995290949019089,0.00047090509809111225,0.00047090509809111225
path,80,0.2,0.5,79.0,0.0,1.9750000000000003,9.9843430942115e-17,1.97545,0.0012991445768577,158.0,0.0,472.0,0.0,0.0015419275185532,9.75033505294092e-20,3.998458072481445,1.9968686188423e-16,9.513694840170592,0.0710204428808174,0.012175,0.0015269655323032,0.030725,0.0033577468871096,0.40184638155791946,-0.9116853988235258,0.006270990165831771,0.024454009834168226,0.024454009834168226
path,80,0.2,1.0,79.0,0.0,1.9750000000000003,9.9843430942115e-17,1.974875,0.0012971489992733,158.0,0.0,472.0,0.0,0.0015419275185532,9.75033505294092e-20,3.998458072481445,1.9968686188423e-16,9.505011574298218,0.0521734857139317,0.01095,0.0011527750499509,0.210275,0.0096789379011716,1.6069176598328405,0.47431784700632623,0.18001097509332722,0.030264024906672765,0.030264024906672765
path,80,0.2,1.5,79.0,0.0,1.9750000000000003,9.9843430942115e-17,1.9743,0.0015436330352024,158.0,0.0,472.0,0.0,0.0015419275185532,9.75033505294092e-20,3.998458072481445,1.9968686188423e-16,9.557328221538778,0.0611875599299464,0.01025,0.0013003112987604,0.7193,0.0115041358604085,3.6145120352265074,1.2849568631598252,0.636359885965984,0.08294011403401602,0.08294011403401602
path,80,0.2,2.0,79.0,0.0,1.9750000000000003,9.9843430942115e-17,1.974825,0.0015170020816694,158.0,0.0,472.0,0.0,0.0015419275185532,9.75033505294092e-20,3.998458072481445,1.9968686188423e-16,9.58604217014249,0.0582277080998764,0.009075,0.0013955155810101,0.97915,0.0017300027989025,6.4275079031926365,1.8605868897476046,0.8842865884226468,0.09486341157735312,0.09486341157735312
path,80,0.2,3.0,79.0,0.0,1.9750000000000003,9.9843430942115e-17,1.9759,0.0016346051189008,158.0,0.0,472.0,0.0,0.0015419275185532,9.75033505294092e-20,3.998458072481445,1.9968686188423e-16,9.529769264525616,0.0622976598439643,0.01125,0.001603226024056,0.99995,6.744822575793773e-05,14.469765142894305,2.6720613098893042,0.9838837023713577,0.016066297628642312,0.016066297628642312
path,80,0.3,0.5,79.0,0.0,1.9750000000000003,9.9843430942115e-17,1.974425,0.0010765336917503,158.0,0.0,472.0,0.0,0.0015419275185532,9.75033505294092e-20,3.998458072481445,1.9968686188423e-16,21.37338411011653,0.1273172990859055,0.011,0.0011595516374875,0.01865,0.0023398259494424,0.17850572261341194,-1.7231346188174463,0.0007893762813911954,0.017860623718608803,0.017860623718608803
path,80,0.3,1.0,79.0,0.0,1.9750000000000003,9.9843430942115e-17,1.97505,0.000971972384273,158.0,0.0,472.0,0.0,0.0015419275185532,9.75033505294092e-20,3.998458072481445,1.9968686188423e-16,21.44368060713548,0.163503873205258,0.010825,0.0021117925909919,0.05735,0.0051111041344981,0.714248912868545,-0.33652375993255296,0.02678756396314511,0.03056243603685489,0.03056243603685489
path,80,0.3,1.5,79.0,0.0,1.9750000000000003,9.9843430942115e-17,1.97575,0.001655957347531,158.0,0.0,472.0,0.0,0.0015419275185532,9.75033505294092e-20,3.998458072481445,1.9968686188423e-16,21.53203578705866,0.1445102598888236,0.008775,0.0010746538977736,0.2030749999999999,0.0115573704234684,1.607629630439767,0.47476081489839794,0.18017847328075842,0.022896526719241472,0.022896526719241472
path,80,0.3,2.0,79.0,0.0,1.9750000000000003,9.9843430942115e-17,1.9748250000000005,0.0017404532228855,158.0,0.0,472.0,0.0,0.0015419275185532,9.75033505294092e-20,3.998458072481445,1.9968686188423e-16,21.560988514002737,0.1199498093142213,0.009825,0.0009222721084936,0.5333249999999999,0.0139054032114744,2.8566701791967284,1.0496566735312762,0.4892632119715956,0.044061788028404325,0.044061788028404325
path,80,0.3,3.0,79.0,0.0,1.9750000000000003,9.9843430942115e-17,1.9752,0.0014083603007902,158.0,0.0,472.0,0.0,0.0015419275185532,9.75033505294092e-20,3.998458072481445,1.9968686188423e-16,21.422337699468667,0.1223695937808143,0.010925,0.0013494796463042,0.9823750000000002,0.0017600914300414,6.428728424233083,1.8607767619641737,0.8843363312224971,0.09803866877750311,0.09803866877750311
random_geometric,10,0.1,0.5,14.45,1.8565626982764625,2.89,0.3713125396552925,2.88835,0.3694277248083211,28.9,3.713125396552925,136.6,31.766260605272773,0.3073175755927811,0.0801329432339495,6.218539202557539,0.5151977735556419,0.8008723030125653,0.0925914994301627,0.00975,0.001370341102369,0.5966750000000001,0.0235789490982729,4.368672406635136,1.4744591658431445,0.7397894192125573,-0.1431144192125572,0.1431144192125572
random_geometric,10,0.1,1.0,14.7,1.296223177664938,2.94,0.2592446355329876,2.926075,0.2588947259826503,29.4,2.592446355329876,136.9,22.20307079757449,0.3090765261205628,0.0762083914896516,6.274696687840615,0.4052259357072128,0.8089127458595504,0.0659943999878251,0.01105,0.0012084343067309,0.988,0.0061669960272404,17.68352056016945,2.872633164092823,0.9902943898806764,-0.0022943898806764285,0.0022943898806764285
random_geometric,10,0.1,1.5,14.75,1.510699733305903,2.95,0.3021399466611806,2.9487499999999995,0.2989245328154706,29.5,3.0213994666118054,136.7,26.858023143148387,0.3458168793262958,0.0910550985069206,6.388905221470749,0.4311286659867662,0.8114105049742346,0.0802979792450047,0.0103,0.0013683108295689,1.0,0.0,40.12557019430748,3.6920137917992433,0.9987991886458221,0.001200811354177933,0.001200811354177933
random_geometric,10,0.1,2.0,13.1,1.2140680636430128,2.62,0.2428136127286025,2.62935,0.2434880545047874,26.2,2.4281361272860256,113.2,18.90348084905333,0.2399463738653451,0.0372599119936946,6.186959059821843,0.455065196213854,0.733781267857527,0.0630335342201905,0.010725,0.0019043758336498,1.0,0.0,69.89887406393868,4.247049541297996,0.9997098678402054,0.00029013215979456497,0.00029013215979456497
random_geometric,10,0.1,3.0,13.15,0.9879623900789576,2.63,0.1975924780157914,2.635775,0.201646062534672,26.3,1.975924780157915,109.0,14.26334632619753,0.2417864666047179,0.0582546541589189,5.732062268114553,0.2689562368297455,0.7234661193944739,0.0471579867886059,0.010075,0.001307628045456,1.0,0.0,160.66548785058723,5.0793244883260344,0.9999655566971056,3.4443302894371364e-05,3.4443302894371364e-05
random_geometric,10,0.2,0.5,14.3,1.372,2.86,0.2744,2.87225,0.2735232262224871,28.6,2.744,130.5,24.271158626086056,0.3344105540904971,0.1065364021965841,6.2719813872053605,0.4345781085900481,3.18776486347206,0.2858530431258379,0.0099,0.0010982077264918,0.100975,0.0062816937834849,1.1111738230813275,0.10541695483830055,0.0786415316460158,0.0223334683539842,0.0223334683539842
random_geometric,10,0.2,1.0,13.45,1.306903048794121,2.69,0.2613806097588241,2.6918250000000006,0.2661475544575543,26.9,2.6138060975882413,116.5,20.942284900222923,0.2599303389191976,0.0405880710614667,5.963917641877539,0.3884624397968096,2.9809378800288884,0.2580185643530274,0.0106,0.0011277285974354,0.60145,0.0182855196031694,4.408682977621556,1.4835760003253369,0.7442583770695145,-0.14280837706951444,0.14280837706951444
random_geometric,10,0.2,1.5,13.9,1.3482148821389908,2.78,0.2696429764277981,2.777925,0.2769108179076128,27.8,2.696429764277981,123.6,23.51243387074838,0.2694161332762496,0.0512329061409946,6.011619607431027,0.4220415742592097,3.0557107916771047,0.2827365809207079,0.010375,0.0007620123980204,0.9154,0.0157572747176126,9.938453493611405,2.2964114244202922,0.9588976029043421,-0.043497602904342125,0.043497602904342125
random_geometric,10,0.2,2.0,14.55,1.4394223256497545,2.9100000000000006,0.2878844651299508,2.9102999999999994,0.2843982376857087,29.1,2.8788446512995085,136.6,27.05128889234009,0.3032390525506417,0.0606766950379105,6.288190388804882,0.4075145252006394,3.2504152076090898,0.2712801083073535,0.01,0.0009538619562488,0.9893249999999998,0.004357405378385,17.60748843461524,2.868324290792984,0.9901877608244654,-0.0008627608244655693,0.0008627608244655693
random_geometric,10,0.2,3.0,14.1,1.7867769277315189,2.8200000000000007,0.3573553855463037,2.80875,0.3573348501763104,28.2,3.5735538554630377,129.1,31.21326922960809,0.2928812672080433,0.0871994053100603,6.074325334680159,0.5330289598690505,3.1084451582401327,0.3602929522736062,0.010475,0.0009228200200871,1.0,0.0,39.32941481610864,3.671972707515551,0.9987360330563327,0.0012639669436672607,0.0012639669436672607
random_geometric,10,0.3,0.5,14.1,1.188824806711498,2.82,0.2377649613422997,2.8193,0.2383688793110375,28.2,2.3776496134229963,126.6,21.710646895741704,0.2564608306254334,0.0329684360495567,6.173089567987813,0.4555708175226503,6.982331944607843,0.5003516144416684,0.010125,0.0015146678461664,0.038825,0.0029761197892558,0.4921607095417477,-0.7089499704167701,0.010494351477331573,0.028330648522668426,0.028330648522668426
random_geometric,10,0.3,1.0,14.15,1.6291845554722992,2.83,0.3258369110944598,2.825525,0.3244738840564587,28.3,3.2583691109445985,131.3,28.27220663850854,0.3028432241260773,0.099328155545743,6.252112879793212,0.5323128222350285,7.015566422406401,0.7297913931443707,0.011375,0.0013374397182677,0.228175,0.0121073844604722,1.937355339080776,0.6613238157576475,0.26165372680410215,-0.03347872680410216,0.03347872680410216
random_geometric,10,0.3,1.5,14.4,1.2264948773682367,2.88,0.2452989754736474,2.8837750000000004,0.2416679171201889,28.8,2.4529897547364734,130.6,20.309471039264825,0.3084608904201894,0.076346762619286,6.187348480944396,0.4174476317760688,7.161027077426866,0.5833502750606484,0.010225,0.0008575184208547,0.60955,0.0185997510396467,4.46082098257636,1.4953328259027583,0.7499465637711881,-0.14039656377118803,0.14039656377118803
random_geometric,10,0.3,2.0,14.2,1.1691025798043828,2.84,0.2338205159608765,2.84155,0.2413767202872546,28.4,2.3382051596087656,126.5,20.273151028677777,0.3479490081457669,0.0705425062241552,6.086074584283059,0.3387260558864156,7.024900615675195,0.5408773458884398,0.0109,0.0013612738616148,0.851125,0.0201981974117546,7.9398541283677835,2.071894903348189,0.9292206661477361,-0.07809566614773611,0.07809566614773611
random_geometric,10,0.3,3.0,16.15,1.659920797095927,3.2300000000000004,0.3319841594191854,3.2298250000000004,0.3329220652701422,32.3,3.3198415941918547,163.4,31.35239118220659,0.4141357494466361,0.1028381335562028,6.868050861392123,0.5054751502963479,7.996181380390913,0.7567701209413529,0.010225,0.0009498126962168,0.9842500000000004,0.0084418130379925,17.866437640457974,2.8829239606954036,0.9905444297151739,-0.006294429715173466,0.006294429715173466
random_geometric,20,0.1,0.5,53.75,4.640113315313255,5.375,0.4640113315313254,5.388675000000001,0.4748250198020873,107.5,9.28022663062651,805.8,141.24656955610786,0.3554626899969882,0.1047325509741449,10.33870903989284,0.9150102483224228,2.2144534396069995,0.200288262664786,0.0103,0.0014350260588134,0.5388499999999999,0.0198387872666281,3.3557791445531158,1.210683977307476,0.5913146284579254,-0.05246462845792543,0.05246462845792543
random_geometric,20,0.1,1.0,52.25,3.325242373437651,5.2250000000000005,0.3325242373437651,5.214650000000001,0.3198823006113671,104.5,6.650484746875302,766.4,94.5326339597518,0.340297997636536,0.0959498821649295,10.358897276340922,0.5860264551763443,2.1764727434907027,0.1376619873076395,0.00945,0.0014775455465417,0.95675,0.0146682446479676,13.319331211252965,2.589216454486318,0.9801505280286091,-0.023400528028609147,0.023400528028609147
random_geometric,20,0.1,1.5,51.45,3.6013815770004003,5.1450000000000005,0.36013815770004,5.150425,0.3609684719058613,102.9,7.202763154000801,727.2,92.10239563030976,0.3853664113630809,0.1355276459269372,10.408271556471242,0.5584100403969282,2.1197319054737163,0.1467798092081577,0.0099,0.0010959039527642,0.99985,0.000125178609237,30.386708002467135,3.4140052760353616,0.997555911841028,0.0022940881589720297,0.0022940881589720297
random_geometric,20,0.1,2.0,51.15,4.13407435066692,5.115,0.4134074350666918,5.118824999999999,0.4013087579153068,102.3,8.268148701333839,740.4,140.73452264608372,0.3291705936278384,0.0774342989833922,10.188120147810944,0.8500271001630452,2.130231498283908,0.1813277672350636,0.010525,0.0017681143538869,1.0,0.0,53.2086292427404,3.9742205870048926,0.9994167011257703,0.0005832988742296985,0.0005832988742296985
random_geometric,20,0.1,3.0,53.25,3.2358750545132384,5.325,0.3235875054513238,5.31835,0.334286938114391,106.5,6.471750109026477,782.7,92.14140826268924,0.362438861682084,0.0857941015590373,10.540233259491396,0.5162192599187161,2.2250076844175237,0.133465941982213,0.009575,0.0012113066237918,1.0,0.0,120.97810000359992,4.79560953750998,0.9999287773450319,7.122265496806168e-05,7.122265496806168e-05
random_geometric,20,0.2,0.5,51.35,3.023991471722867,5.135,0.3023991471722868,5.12795,0.2995868419319127,102.7,6.047982943445734,718.9,83.2886397207105,0.3198909008070741,0.069849163414179,10.028191165641667,0.5716795035371238,8.441549243606747,0.4793520040889831,0.010625,0.0015943339642225,0.075775,0.0058357658542185,0.8452293313953518,-0.16814729034575765,0.04064097430250311,0.035134025697496886,0.035134025697496886
random_geometric,20,0.2,1.0,53.4,4.738261195617516,5.340000000000001,0.4738261195617516,5.319450000000001,0.4706356293732753,106.8,9.476522391235031,776.6,128.09469156674268,0.4518925269005786,0.1488662615327486,10.267590958183812,0.691314144209766,8.742561778536848,0.7782497685939153,0.011125,0.0015180013695299,0.5458,0.0167039963954422,3.374372700362529,1.2162094404899129,0.5947295569598505,-0.04892955695985057,0.04892955695985057
random_geometric,20,0.2,1.5,51.2,2.369130597808758,5.12,0.2369130597808758,5.132075,0.2415106902691124,102.4,4.738261195617516,717.1,64.69373729715794,0.3368087425671159,0.0898579357588687,10.16861468955246,0.5138030353406364,8.425764613107283,0.4014266085880739,0.0113,0.0011023423863945,0.893575,0.0179021470794045,7.622732194888142,2.0311348611923985,0.9220406266226769,-0.02846562662267693,0.02846562662267693
random_geometric,20,0.2,2.0,53.85,4.027549627254765,5.385000000000001,0.4027549627254765,5.383925,0.4041297861416487,107.7,8.05509925450953,792.4,116.61643709727696,0.4425377111303842,0.1458772247381974,10.610795920834672,0.7533539001025015,8.881453065608348,0.6485517092859304,0.0098,0.0009758649604595,0.97745,0.0119706403029728,13.524205776423438,2.6044811003778743,0.9808969282516821,-0.0034469282516820243,0.0034469282516820243
random_geometric,20,0.2,3.0,52.45,5.062312743775267,5.244999999999999,0.5062312743775268,5.234825,0.494869344175601,104.9,10.124625487550531,776.5,160.88192036070234,0.4298098716013817,0.1383370357939556,10.381786921604638,0.7894143800424553,8.668874662694332,0.7992333392110382,0.01045,0.0013839218870563,0.999425,0.0006603767266133,29.888144762970366,3.3974619055495032,0.9974504155713246,0.0019745844286753744,0.0019745844286753744
random_geometric,20,0.3,0.5,51.15,3.544224389949907,5.115,0.3544224389949906,5.11725,0.3595562544333017,102.3,7.088448779899814,717.3,99.22539543780852,0.376710262234924,0.1233938656322449,9.943210581738626,0.6934815053970461,18.844451736698545,1.3493990681372297,0.01105,0.001261640452577,0.029825,0.0024672440516751,0.3752914935122581,-0.9800522389326798,0.005269150206111266,0.024555849793888734,0.024555849793888734
random_geometric,20,0.3,1.0,51.45,2.5613556854463653,5.1450000000000005,0.2561355685446365,5.1346,0.2499846317785828,102.9,5.1227113708927305,728.3,71.49838558942947,0.3642267481751858,0.0751805217819108,10.14131329432506,0.5386346769405151,19.15435193928029,0.9649248390515996,0.01045,0.0017120869997569,0.1732999999999999,0.0097491660534038,1.4948373969114368,0.4020174363196163,0.15428002843186844,0.019019971568131455,0.019019971568131455
random_geometric,20,0.3,1.5,53.1,4.354692955518461,5.3100000000000005,0.435469295551846,5.311525,0.4262752264156771,106.2,8.709385911036922,796.7,144.99462433882812,0.3354642563391028,0.1013605847671572,10.6102183431093,0.7398732102526663,19.65592344513772,1.5663334538001894,0.01175,0.0018884164906358,0.5367499999999998,0.0198308107167662,3.326571268332962,1.201942124390255,0.5858939339019095,-0.04914393390190963,0.04914393390190963
random_geometric,20,0.3,2.0,53.95,4.434232835802069,5.395,0.4434232835802069,5.403074999999999,0.4549952264255665,107.9,8.868465671604138,817.4,129.76889061631633,0.3712494930628937,0.1133742674954745,10.687450376678871,0.7994822304743998,20.07039987489628,1.4727734358317903,0.010075,0.0012743471187032,0.8119999999999999,0.0193997533896425,5.939175564398055,1.7815703298694114,0.8619189242250398,-0.04991892422503985,0.04991892422503985
random_geometric,20,0.3,3.0,51.8,2.1404703860797074,5.180000000000001,0.2140470386079706,5.1916,0.2211679626299766,103.6,4.280940772159415,733.6,57.88341607058103,0.3743973677817523,0.0937046078634302,10.228904021303697,0.4892514744637221,19.276814950152232,0.8456434826936178,0.01035,0.001183498026592,0.9718750000000002,0.0110266045615998,13.553659302189413,2.6066565700684583,0.9810010376129795,-0.009126037612979365,0.009126037612979365
random_geometric,40,0.1,0.5,211.45,8.357382856524303,10.5725,0.4178691428262152,10.56665,0.4185891032079323,422.9,16.714765713048607,5514.6,457.4513592264267,0.8635145843434253,0.1607846161766508,18.854199063275537,0.8286978990148922,7.065109761476606,0.2742508023675171,0.010125,0.0012971489992733,0.413675,0.0092903725238323,2.515389971341711,0.9224278497189833,0.40884080543578477,0.004834194564215244,0.004834194564215244
random_geometric,40,0.1,1.0,222.8,8.155504231079638,11.14,0.407775211553982,11.1341,0.3923330108402138,445.6,16.311008462159275,6058.5,491.0948809815837,1.0310081146737564,0.1798574324647683,19.862363715880686,0.81170400566971,7.421777445617754,0.288345591706728,0.010325,0.0016464291664083,0.972125,0.0095687445004968,10.114806142539122,2.3140003050914264,0.9606365797372143,0.011488420262785737,0.011488420262785737
random_geometric,40,0.1,1.5,217.6,8.709153756703042,10.88,0.4354576878351521,10.843875,0.4526283254500727,435.2,17.418307513406084,5792.8,480.37309722295953,0.9079656243952818,0.1373411176878872,19.4738656444135,0.8443310307205885,7.246018278976647,0.2860302657365303,0.010525,0.0012158882176806,0.9963,0.0032193527953693,22.667715632584702,3.1209416933453564,0.9948375238153427,0.0014624761846572243,0.0014624761846572243
random_geometric,40,0.1,2.0,213.35,7.9301000325541775,10.6675,0.3965050016277088,10.63795,0.3944283772563184,426.7,15.860200065108357,5579.2,438.9395385061592,0.989687191053995,0.1523835426784502,19.45971125909429,1.040448573324373,7.075933457285008,0.2615673966011582,0.0107,0.0009549212147165,0.9985000000000002,0.0014794259199539,40.282551705812516,3.695918415044792,0.9988111214107058,-0.00031112141070566146,0.00031112141070566146
random_geometric,40,0.1,3.0,215.2,11.102559818632626,10.760000000000002,0.5551279909316315,10.74905,0.5680057596574177,430.4,22.20511963726525,5654.0,581.9958846951628,1.067223702909145,0.2018198984761011,19.52584219577948,1.0358866559041835,7.149523859326441,0.3705423896420192,0.010275,0.0016000305753657,1.0,0.0,90.97450318642228,4.510579282493175,0.9998522331381369,0.00014776686186313004,0.00014776686186313004
random_geometric,40,0.2,0.5,213.15,7.96317644899915,10.6575,0.3981588224499576,10.640875,0.3951406261836278,426.3,15.9263528979983,5626.6,445.23986535846166,0.9487278980741268,0.1399821294885497,19.69602748620358,0.7657628675727505,28.51622228424809,1.0944440340953168,0.0107999999999999,0.001596749593129,0.05175,0.0047965231925679,0.6269304154242827,-0.46691972469252974,0.019329942551412776,0.032420057448587225,0.032420057448587225
random_geometric,40,0.2,1.0,216.25,10.76721490646979,10.8125,0.5383607453234895,10.829225,0.5194528145218622,432.5,21.53442981293958,5786.8,641.9802864695916,0.8485128467421725,0.1612723667082109,19.16381859685544,1.0383162918752775,29.014411895270054,1.5833464095387282,0.009425,0.0015219919600036,0.411775,0.0150347988959648,2.516536023825515,0.9228833621826884,0.40912275946183757,0.0026522405381624314,0.0026522405381624314
random_geometric,40,0.2,1.5,211.9,9.380343120197232,10.595,0.4690171560098617,10.61205,0.488962060179035,423.8,18.760686240394467,5471.3,506.2864506693501,1.119797705860044,0.1663399321007455,19.19898392274813,0.935727876729447,28.218873070136304,1.251554320788976,0.00995,0.0010177011245681,0.8767250000000001,0.0115247848684111,5.706391344328172,1.7415868351447377,0.8492756368683755,0.027449363131624605,0.027449363131624605
random_geometric,40,0.2,2.0,222.6,10.067047818972238,11.13,0.5033523909486118,11.1427,0.5173840045060698,445.2,20.13409563794448,6126.1,571.2549618397431,1.1567829643169376,0.1715003360772702,20.49235202314357,1.0401778324579818,29.5926939467588,1.3406314640831365,0.012025,0.0014751060443592,0.9733249999999998,0.0076233653674945,10.066613609469883,2.309224365116363,0.9601714949164498,0.013153505083549955,0.013153505083549955
random_geometric,40,0.2,3.0,222.3,10.993210191558672,11.115,0.5496605095779336,11.10455,0.5362372009728137,444.6,21.986420383117345,6094.0,635.0827899813742,1.009924367879353,0.2051711322229225,19.886999842729484,0.9806464924337436,29.531997794426736,1.5806408401882888,0.0114,0.0016515253555425,0.997025,0.0026262258190474,22.631704255792705,3.119351766389703,0.9948165713143733,0.002208428685626762,0.002208428685626762
random_geometric,40,0.3,0.5,213.75,10.02425264309672,10.6875,0.501212632154836,10.685225,0.5045906281364184,427.5,20.048505286193443,5616.7,517.2396062915441,1.0995611189915082,0.2025918003238317,19.5435432461526,1.0562403742185884,63.95422983321676,2.9051744998748426,0.0105,0.001249765451679,0.02385,0.0033142795041424,0.2800435400991496,-1.2728101875477085,0.0024966804750186935,0.021353319524981308,0.021353319524981308
random_geometric,40,0.3,1.0,210.95,7.401535815021949,10.5475,0.3700767907510975,10.54965,0.3773262380350513,421.9,14.803071630043895,5450.3,375.5072132137796,0.8585490277554013,0.1483383145860835,19.453646878855796,0.7528566119506812,63.566867781277416,2.3914027968272,0.010575,0.0015335718712243,0.1138499999999999,0.0069413440379102,1.1227171077191826,0.1157517363812697,0.08058062912808825,0.03326937087191165,0.03326937087191165
random_geometric,40,0.3,1.5,224.3,13.524149503368914,11.215,0.6762074751684457,11.190125,0.6802601884091657,448.6,27.048299006737828,6230.2,771.6802257581213,1.0523870878494088,0.188249332625409,19.941910190118683,1.0922361477403553,67.33980818510389,4.068754260863749,0.009925,0.0014470836552401,0.4166249999999999,0.0148704048629979,2.506160925617271,0.91875207054031,0.40656777308967984,0.010057226910320072,0.010057226910320072
random_geometric,40,0.3,2.0,208.5,8.512026662008104,10.425,0.4256013331004052,10.415925,0.4250242290140646,417.0,17.024053324016208,5360.5,473.2560993529157,0.9478390206297804,0.1542455719307031,19.02852364238816,0.8744742103345576,62.21411294353501,2.7462755004237827,0.011475,0.0013867952264123,0.7641249999999999,0.0121857446374204,4.470928020033521,1.4975959978231033,0.7510317994124116,0.013093200587588338,0.013093200587588338
random_geometric,40,0.3,3.0,218.45,12.71774209519913,10.9225,0.6358871047599566,10.9207,0.6616398077287735,436.9,25.43548419039826,5865.9,728.455519823457,1.1395695181768966,0.1868748566056443,19.663535558681318,1.0497822870926403,65.59954744711833,3.611572709843444,0.00995,0.0016054315045461,0.98135,0.0056525655283801,10.082498162655536,2.310801065534329,0.9603256147257049,0.021024385274295065,0.021024385274295065
random_geometric,80,0.1,0.5,880.4,27.635817095326047,22.01,0.6908954273831512,21.95435,0.6791797812378662,1760.8,55.271634190652094,44608.6,2973.170496855468,2.814187811606639,0.2916225717732208,37.10411164607538,1.4419075766742322,25.35791300512416,0.8313887361373553,0.01035,0.0015691278838225,0.27735,0.0120657358359595,1.837537867186928,0.608426559885399,0.23634031469936262,0.041009685300637366,0.041009685300637366
random_geometric,80,0.1,1.0,887.6,24.66118013140661,22.19,0.6165295032851654,22.2037,0.6423029232484263,1775.2,49.32236026281322,45581.3,2969.114954246342,2.6838354049222057,0.2509860676257422,37.76843968104075,1.5107694846665836,25.54362842587713,0.7458022396487148,0.01045,0.0013581139398755,0.9569750000000002,0.0092773598189639,7.353887798300268,1.9952291255285657,0.9151695320300063,0.04180546796999396,0.04180546796999396
random_geometric,80,0.1,1.5,878.6,34.3771049146927,21.965,0.8594276228673177,21.8734,0.8202995324310054,1757.2,68.7542098293854,44391.3,3884.6460012018433,2.730645872541365,0.2285081509244771,37.33692534031916,1.974900576744243,25.304468436182155,1.0673844564108212,0.0093,0.0011777180432827,0.9991,0.000770997440094,16.51714127809861,2.8043987069986858,0.9884626854420667,0.010637314557933264,0.010637314557933264
random_geometric,80,0.1,2.0,867.0,30.732847368384547,21.675,0.7683211842096138,21.688775,0.7532778528823912,1734.0,61.465694736769095,43122.3,3331.860967867151,2.608796921172353,0.3098169038367905,36.393119854136565,1.6845057761250284,24.99155209498332,0.920138577743664,0.00945,0.0010733007622823,1.0,0.0,29.541262965097516,3.385788030593404,0.9973732501017285,0.0026267498982714965,0.0026267498982714965
random_geometric,80,0.1,3.0,900.9,22.213085550733616,22.5225,0.5553271387683404,22.4977,0.5561425830342431,1801.8,44.42617110146723,46675.6,2662.2143862904404,2.7452263384848705,0.255765909472129,37.78739667687111,1.295788749954649,25.92626047775546,0.6414367801620526,0.010425,0.0015902070537147,1.0,0.0,66.27056575735621,4.1937458432201185,0.999667448926552,0.0003325510734479842,0.0003325510734479842
random_geometric,80,0.2,0.5,888.45,18.80475404056952,22.21125,0.470118851014238,22.25655,0.4652632461756404,1776.9,37.60950808113904,45520.1,2242.339232723203,2.678071863141776,0.2180754473161996,37.80339057267847,1.4363386591123228,101.75961215449188,2.3648594512294165,0.0108,0.0010554923021983,0.036625,0.0031021906945355,0.4610215863460871,-0.7743104120360047,0.008891375362377014,0.027733624637622984,0.027733624637622984
random_geometric,80,0.2,1.0,891.95,28.65591934441615,22.298749999999995,0.7163979836104037,22.315025,0.7486775625390553,1783.9,57.3118386888323,45829.6,3079.2239834955,2.719893807556516,0.2703685095943853,38.15338358434045,1.32047995269577,102.47709247615634,3.3632600180905143,0.010925,0.0013419673499832,0.2795999999999999,0.0080010136989337,1.8426775944779,0.6112197282126879,0.23763369411853774,0.04196630588146216,0.04196630588146216
random_geometric,80,0.2,1.5,870.8,33.24850161720786,21.77,0.8312125404301964,21.783375,0.8636580157481624,1741.6,66.49700323441571,43708.0,3506.732664436107,2.5677023921960265,0.2661705764069054,36.83866184816724,1.7348980682893336,99.88677403408352,3.985028289384217,0.0107,0.0014715465548727,0.7765250000000001,0.0142678596096998,4.144309960744246,1.4217362996368834,0.7129720029656501,0.06355299703435002,0.06355299703435002
random_geometric,80,0.2,2.0,901.8,28.35629084199465,22.545,0.708907271049866,22.545,0.7056841546306974,1803.6,56.71258168398929,47237.0,3179.77586264719,2.9563202952738967,0.2349410147254141,38.49901226866439,1.3069094938711188,103.62114329969825,3.124570872226716,0.0117,0.0020708545909459,0.9558,0.0072916214931934,7.33489815123031,1.992643526185702,0.9146540877193127,0.04114591228068731,0.04114591228068731
random_geometric,80,0.2,3.0,898.25,26.34796065213237,22.456250000000004,0.6586990163033091,22.4708,0.7125788111026184,1796.5,52.69592130426474,46755.8,3006.54388677778,2.74488421900682,0.1823753821867954,38.513734309814566,1.4004433919593295,103.82876695103114,3.3491063564462027,0.010975,0.0012221081655978,0.997975,0.0012826497860617,16.533633578996874,2.805396704917853,0.9884917943437928,0.009483205656207194,0.009483205656207194
random_geometric,80,0.3,0.5,869.85,22.78569048189767,21.74625,0.5696422620474416,21.70145,0.532258950270399,1739.7,45.57138096379534,43190.2,2480.482186162665,2.671685316267742,0.2488984817372854,36.95264320812465,1.030761447644681,225.36090160746045,6.26923974618252,0.0097,0.0013830084674551,0.0172,0.0015808421473179,0.20510613287366233,-1.584227712480243,0.0011262139061435637,0.016073786093856436,0.016073786093856436
random_geometric,80,0.3,1.0,882.1,24.994055192132556,22.0525,0.6248513798033138,22.0524,0.6235255298746586,1764.2,49.98811038426511,44653.4,2526.819448504842,2.80900807652907,0.2506250458520642,37.082929345911126,1.1313330599365814,228.35794185592732,6.996152188808344,0.00975,0.0012138598722561,0.071,0.0050917330314106,0.8199192593887548,-0.19854940773180707,0.03771176516144558,0.03328823483855441,0.03328823483855441
random_geometric,80,0.3,1.5,888.0,22.547847604127256,22.2,0.5636961901031814,22.253575000000005,0.5601505881124147,1776.0,45.09569520825451,45460.8,2701.598362522453,2.591154034462753,0.2624305529087696,37.81412195621831,1.2560348675074502,229.37976325675757,6.589505617319029,0.0115,0.0014237097575293,0.2881749999999999,0.0098504882352949,1.84504202845067,0.6125020568810978,0.23822910699154648,0.049945893008453424,0.049945893008453424
random_geometric,80,0.3,2.0,917.85,28.93216171085662,22.94625,0.7233040427714155,22.945625,0.7027821957812428,1835.7,57.86432342171324,48748.5,3243.52118588685,2.91581579456691,0.3250900668115541,39.16296489616427,1.4620342485961664,237.68524002665208,7.86163041051607,0.010025,0.0019215511689093,0.61975,0.014436564068547,3.2660418642100773,1.1835788126565918,0.5744405928142654,0.04530940718573462,0.04530940718573462
random_geometric,80,0.3,3.0,882.85,28.796969763830138,22.07125,0.7199242440957533,22.080075000000004,0.7353936285945241,1765.7,57.59393952766028,45118.3,3205.451583351942,2.7542599077456305,0.168847364455997,37.87163699894285,1.394177428528284,228.8779537158632,8.13324623087252,0.010575,0.0013569503539768,0.9565,0.0097231035764253,7.350369688917744,1.9947506097717906,0.9150743524418422,0.04142564755815781,0.04142564755815781
ring,10,0.1,0.5,10.0,0.0,2.0,0.0,2.0,0.0,20.0,0.0,60.0,0.0,0.3819660112501045,2.4960857735528755e-17,3.999999999999999,0.0,0.5436502509167555,0.0074419866264666,0.010925,0.001464444766348,0.6890750000000001,0.0122577911013449,4.564354645876383,1.5182771340371228,0.7608022348112541,-0.07172723481125398,0.07172723481125398
ring,10,0.1,1.0,10.0,0.0,2.0,0.0,2.0,0.0,20.0,0.0,60.0,0.0,0.3819660112501045,2.4960857735528755e-17,3.999999999999999,0.0,0.5452956224878497,0.0080156430715427,0.0106,0.0015455965293629,1.0,0.0,18.257418583505533,2.9045714951570134,0.991049768887882,0.008950231112118012,0.008950231112118012
ring,10,0.1,1.5,10.0,0.0,2.0,0.0,2.0,0.0,20.0,0.0,60.0,0.0,0.3819660112501045,2.4960857735528755e-17,3.999999999999999,0.0,0.5395614410046214,0.0081262917317568,0.011525,0.0017085034848939,1.0,0.0,41.07919181288745,3.715501711373342,0.9988692060124919,0.0011307939875081496,0.0011307939875081496
ring,10,0.1,2.0,10.0,0.0,2.0,0.0,2.0,0.0,20.0,0.0,60.0,0.0,0.3819660112501045,2.4960857735528755e-17,3.999999999999999,0.0,0.5503589563000508,0.0100097941335824,0.009575,0.0012979281263046,1.0,0.0,73.02967433402213,4.290865856276904,0.99974065398146,0.000259346018540052,0.000259346018540052
ring,10,0.1,3.0,10.0,0.0,2.0,0.0,2.0,0.0,20.0,0.0,60.0,0.0,0.3819660112501045,2.4960857735528755e-17,3.999999999999999,0.0,0.547176432595466,0.0079513572055989,0.0101,0.0013851996625985,1.0,0.0,164.3167672515498,5.101796072493233,0.9999674827214783,3.2517278521715376e-05,3.2517278521715376e-05
ring,10,0.2,0.5,10.0,0.0,2.0,0.0,2.0,0.0,20.0,0.0,60.0,0.0,0.3819660112501045,2.4960857735528755e-17,3.999999999999999,0.0,2.1954881985286114,0.0348902364543128,0.01065,0.0012720146473833,0.098175,0.0082684161628515,1.1410886614690958,0.13198277291723223,0.08371418831792178,0.014460811682078217,0.014460811682078217
ring,10,0.2,1.0,10.0,0.0,2.0,0.0,2.0,0.0,20.0,0.0,60.0,0.0,0.3819660112501045,2.4960857735528755e-17,3.999999999999999,0.0,2.1796249855580205,0.0228711777611773,0.0092,0.0012322511705688,0.6893749999999998,0.0111727860988442,4.564354645876383,1.5182771340371228,0.7608022348112541,-0.07142723481125424,0.07142723481125424
ring,10,0.2,1.5,10.0,0.0,2.0,0.0,2.0,0.0,20.0,0.0,60.0,0.0,0.3819660112501045,2.4960857735528755e-17,3.999999999999999,0.0,2.170885565627294,0.0240110184193821,0.01075,0.0015503313737459,0.9938999999999998,0.0006422355691767,10.269797953221863,2.329207350253452,0.9620830007390911,0.03181699926090864,0.03181699926090864
ring,10,0.2,2.0,10.0,0.0,2.0,0.0,2.0,0.0,20.0,0.0,60.0,0.0,0.3819660112501045,2.4960857735528755e-17,3.999999999999999,0.0,2.2074824259937045,0.0291537226878513,0.009175,0.0010765336917503,0.999975,4.89999999999946e-05,18.257418583505533,2.9045714951570134,0.991049768887882,0.00892523111211796,0.00892523111211796
ring,10,0.2,3.0,10.0,0.0,2.0,0.0,2.0,0.0,20.0,0.0,60.0,0.0,0.3819660112501045,2.4960857735528755e-17,3.999999999999999,0.0,2.1904195515917158,0.0223429968439823,0.009125,0.0012535514811085,1.0,0.0,41.07919181288745,3.715501711373342,0.9988692060124919,0.0011307939875081496,0.0011307939875081496
ring,10,0.3,0.5,10.0,0.0,2.0,0.0,2.0,0.0,20.0,0.0,60.0,0.0,0.3819660112501045,2.4960857735528755e-17,3.999999999999999,0.0,4.953580970318666,0.0797927823622833,0.009175,0.0012154724227749,0.03665,0.0035155848805897,0.5071505162084872,-0.6789474432990963,0.011322925600371509,0.025327074399628495,0.025327074399628495
ring,10,0.3,1.0,10.0,0.0,2.0,0.0,2.0,0.0,20.0,0.0,60.0,0.0,0.3819660112501045,2.4960857735528755e-17,3.999999999999999,0.0,4.915252922532377,0.076707108844073,0.0111,0.0012610393374222,0.2304999999999999,0.0125192741508107,2.0286020648339487,0.7073469178207944,0.2850525189808504,-0.05455251898085048,0.05455251898085048
ring,10,0.3,1.5,10.0,0.0,2.0,0.0,2.0,0.0,20.0,0.0,60.0,0.0,0.3819660112501045,2.4960857735528755e-17,3.999999999999999,0.0,4.905554117710617,0.0813604092590049,0.0107,0.0016935340812072,0.6926500000000001,0.0139955926220401,4.564354645876384,1.518277134037123,0.7608022348112542,-0.0681522348112541,0.0681522348112541
ring,10,0.3,2.0,10.0,0.0,2.0,0.0,2.0,0.0,20.0,0.0,60.0,0.0,0.3819660112501045,2.4960857735528755e-17,3.999999999999999,0.0,4.923371227184315,0.0965712957107824,0.009975,0.0017246988905771,0.96445,0.0039392304618515,8.114408259335795,2.093641278940685,0.9327968290763586,0.031653170923641394,0.031653170923641394
ring,10,0.3,3.0,10.0,0.0,2.0,0.0,2.0,0.0,20.0,0.0,60.0,0.0,0.3819660112501045,2.4960857735528755e-17,3.999999999999999,0.0,4.872955200209653,0.0780533344885096,0.01035,0.0012580294532574,1.0,0.0,18.257418583505537,2.904571495157014,0.991049768887882,0.008950231112118012,0.008950231112118012
ring,20,0.1,0.5,20.0,0.0,2.0,0.0,2.0,0.0,40.0,0.0,120.0,0.0,0.0978869674096931,0.0,4.0,0.0,0.8460033958513687,0.0081118447751065,0.010375,0.001435862385284,0.53295,0.0127173446334647,3.2274861218395134,1.1717035437571501,0.5669903112012087,-0.03404031120120865,0.03404031120120865
ring,20,0.1,1.0,20.0,0.0,2.0,0.0,2.0,0.0,40.0,0.0,120.0,0.0,0.0978869674096931,0.0,4.0,0.0,0.855920883426343,0.0094133396927054,0.009025,0.001095615640441,0.99985,0.000125178609237,12.909944487358054,2.5579979048770407,0.9785339894279944,0.021316010572005606,0.021316010572005606
ring,20,0.1,1.5,20.0,0.0,2.0,0.0,2.0,0.0,40.0,0.0,120.0,0.0,0.0978869674096931,0.0,4.0,0.0,0.8489775732455136,0.0062105481993019,0.01045,0.0014146272709761,1.0,0.0,29.047375096555623,3.3689281210933695,0.997257675196108,0.0027423248038920267,0.0027423248038920267
ring,20,0.1,2.0,20.0,0.0,2.0,0.0,2.0,0.0,40.0,0.0,120.0,0.0,0.0978869674096931,0.0,4.0,0.0,0.850553029062033,0.007360240896995,0.01065,0.0010831456139654,1.0,0.0,51.639777949432215,3.9442922659969315,0.9993702686773491,0.0006297313226508727,0.0006297313226508727
ring,20,0.1,3.0,20.0,0.0,2.0,0.0,2.0,0.0,40.0,0.0,120.0,0.0,0.0978869674096931,0.0,4.0,0.0,0.8488064062950679,0.0091221591930942,0.011425,0.0017360913600747,1.0,0.0,116.18950038622249,4.75522248221326,0.9999210175414146,7.89824585853971e-05,7.89824585853971e-05
ring,20,0.2,0.5,20.0,0.0,2.0,0.0,2.0,0.0,40.0,0.0,120.0,0.0,0.0978869674096931,0.0,4.0,0.0,3.451236265125029,0.0449687753526226,0.00985,0.0012917308665426,0.06015,0.0052592799387068,0.8068715304598784,-0.2145908173627404,0.03624902270394482,0.023900977296055184,0.023900977296055184
ring,20,0.2,1.0,20.0,0.0,2.0,0.0,2.0,0.0,40.0,0.0,120.0,0.0,0.0978869674096931,0.0,4.0,0.0,3.442427508673519,0.027076911383538,0.009475,0.001234454045104,0.515675,0.0099827614864193,3.2274861218395134,1.1717035437571501,0.5669903112012087,-0.05131531120120869,0.05131531120120869
ring,20,0.2,1.5,20.0,0.0,2.0,0.0,2.0,0.0,40.0,0.0,120.0,0.0,0.0978869674096931,0.0,4.0,0.0,3.429834248489019,0.0437150323086881,0.010575,0.001839295789154,0.96995,0.0031738911532425,7.261843774138906,1.9826337599734791,0.9126317510951912,0.057318248904808744,0.057318248904808744
ring,20,0.2,2.0,20.0,0.0,2.0,0.0,2.0,0.0,40.0,0.0,120.0,0.0,0.0978869674096931,0.0,4.0,0.0,3.4015172145561388,0.02745455013041,0.0112,0.0011625990846284,1.0,0.0,12.909944487358054,2.5579979048770407,0.9785339894279944,0.02146601057200559,0.02146601057200559
ring,20,0.2,3.0,20.0,0.0,2.0,0.0,2.0,0.0,40.0,0.0,120.0,0.0,0.0978869674096931,0.0,4.0,0.0,3.404410067779332,0.0439056746283596,0.01155,0.0015477208370612,1.0,0.0,29.047375096555623,3.3689281210933695,0.997257675196108,0.0027423248038920267,0.0027423248038920267
ring,20,0.3,0.5,20.0,0.0,2.0,0.0,2.0,0.0,40.0,0.0,120.0,0.0,0.0978869674096931,0.0,4.0,0.0,7.648972291389256,0.1122663483910419,0.01125,0.0017880495106768,0.025725,0.0026549395770703,0.35860956909327935,-1.025521033579069,0.004692720971758468,0.021032279028241535,0.021032279028241535
ring,20,0.3,1.0,20.0,0.0,2.0,0.0,2.0,0.0,40.0,0.0,120.0,0.0,0.0978869674096931,0.0,4.0,0.0,7.695666243880906,0.0820283870846236,0.009825,0.0013680799261046,0.14805,0.008020984045155,1.4344382763731174,0.36077332754082164,0.1409966968350341,0.007053303164965885,0.007053303164965885
ring,20,0.3,1.5,20.0,0.0,2.0,0.0,2.0,0.0,40.0,0.0,120.0,0.0,0.0978869674096931,0.0,4.0,0.0,7.658582176685376,0.0898454277598855,0.011175,0.0015564732570783,0.5237499999999999,0.0141292004094543,3.2274861218395143,1.1717035437571506,0.566990311201209,-0.04324031120120908,0.04324031120120908
ring,20,0.3,2.0,20.0,0.0,2.0,0.0,2.0,0.0,40.0,0.0,120.0,0.0,0.0978869674096931,0.0,4.0,0.0,7.648293554565018,0.1139180533284366,0.01045,0.0019022844438367,0.8979999999999999,0.0086618392358302,5.7377531054924695,1.7470676886607124,0.8510634521752608,0.046936547824739105,0.046936547824739105
ring,20,0.3,3.0,20.0,0.0,2.0,0.0,2.0,0.0,40.0,0.0,120.0,0.0,0.0978869674096931,0.0,4.0,0.0,7.684850704452179,0.0638651926717909,0.00985,0.0006969649994987,0.9999,8.99309676772503e-05,12.909944487358057,2.557997904877041,0.9785339894279946,0.02136601057200538,0.02136601057200538
ring,40,0.1,0.5,40.0,0.0,2.0,0.0,2.0,0.0,80.0,0.0,240.0,0.0,0.0246233188097243,1.5600536084705472e-18,3.999999999999999,0.0,1.4112238628451357,0.0107153587381235,0.010075,0.0014781868516601,0.341325,0.0102028741332502,2.2821773229381916,0.8251299534771775,0.35025499365903273,-0.008929993659032742,0.008929993659032742
ring,40,0.1,1.0,40.0,0.0,2.0,0.0,2.0,0.0,80.0,0.0,240.0,0.0,0.0246233188097243,1.5600536084705472e-18,3.999999999999999,0.0,1.3931609586877278,0.0102561978457421,0.01105,0.0007686993800193,0.9992,0.0002400499947927,9.128709291752767,2.211424314597068,0.9494098690552106,0.049790130944789346,0.049790130944789346
ring,40,0.1,1.5,40.0,0.0,2.0,0.0,2.0,0.0,80.0,0.0,240.0,0.0,0.0246233188097243,1.5600536084705472e-18,3.999999999999999,0.0,1.4053147224446718,0.0154401303450147,0.010075,0.0012422096399053,1.0,0.0,20.539595906443726,3.0223545308133968,0.9933647561206966,0.006635243879303365,0.006635243879303365
ring,40,0.1,2.0,40.0,0.0,2.0,0.0,2.0,0.0,80.0,0.0,240.0,0.0,0.0246233188097243,1.5600536084705472e-18,3.999999999999999,0.0,1.40527363019176,0.0156359925912085,0.0094,0.0016206298970332,1.0,0.0,36.514837167011066,3.597718675716959,0.998471725805325,0.00152827419467505,0.00152827419467505
ring,40,0.1,3.0,40.0,0.0,2.0,0.0,2.0,0.0,80.0,0.0,240.0,0.0,0.0246233188097243,1.5600536084705472e-18,3.999999999999999,0.0,1.3948080584000744,0.0086596185321115,0.0105,0.0013638706529193,1.0,0.0,82.1583836257749,4.408648891933288,0.999808169229739,0.00019183077026097006,0.00019183077026097006
ring,40,0.2,0.5,40.0,0.0,2.0,0.0,2.0,0.0,80.0,0.0,240.0,0.0,0.0246233188097243,1.5600536084705472e-18,3.999999999999999,0.0,5.59419597738007,0.0569614080205801,0.010675,0.0015352190140343,0.04375,0.0044906427860139,0.5705443307345479,-0.5611644076427131,0.015248304975971289,0.02850169502402871,0.02850169502402871
ring,40,0.2,1.0,40.0,0.0,2.0,0.0,2.0,0.0,80.0,0.0,240.0,0.0,0.0246233188097243,1.5600536084705472e-18,3.999999999999999,0.0,5.5955846217237655,0.0305622404235478,0.010575,0.001023582228718,0.352175,0.0091162666960595,2.2821773229381916,0.8251299534771775,0.35025499365903273,0.001920006340967284,0.001920006340967284
ring,40,0.2,1.5,40.0,0.0,2.0,0.0,2.0,0.0,80.0,0.0,240.0,0.0,0.0246233188097243,1.5600536084705472e-18,3.999999999999999,0.0,5.619965630727692,0.05328381152075,0.010425,0.0015352190140343,0.896725,0.0078889999999999,5.134898976610931,1.6360601696935064,0.8113337428237364,0.08539125717626361,0.08539125717626361
ring,40,0.2,2.0,40.0,0.0,2.0,0.0,2.0,0.0,80.0,0.0,240.0,0.0,0.0246233188097243,1.5600536084705472e-18,3.999999999999999,0.0,5.611283600096405,0.0378551994315825,0.0107,0.0011777180432827,0.999125,0.0002742065107292,9.128709291752767,2.211424314597068,0.9494098690552106,0.04971513094478941,0.04971513094478941
ring,40,0.2,3.0,40.0,0.0,2.0,0.0,2.0,0.0,80.0,0.0,240.0,0.0,0.0246233188097243,1.5600536084705472e-18,3.999999999999999,0.0,5.591156274654088,0.0350897665462653,0.0105,0.0013804476771952,1.0,0.0,20.539595906443726,3.0223545308133968,0.9933647561206966,0.006635243879303365,0.006635243879303365
ring,40,0.3,0.5,40.0,0.0,2.0,0.0,2.0,0.0,80.0,0.0,240.0,0.0,0.0246233188097243,1.5600536084705472e-18,3.999999999999999,0.0,12.613910027191716,0.1054422417042416,0.01105,0.0014092572885258,0.0212,0.0019797583052909,0.2535752581042436,-1.3720946238590417,0.0019372637609457104,0.01926273623905429,0.01926273623905429
ring,40,0.3,1.0,40.0,0.0,2.0,0.0,2.0,0.0,80.0,0.0,240.0,0.0,0.0246233188097243,1.5600536084705472e-18,3.999999999999999,0.0,12.60655391145048,0.0945920030397127,0.01105,0.0013543869461863,0.091975,0.0053998262106537,1.0143010324169743,0.014199737260849039,0.06329648813929402,0.028678511860705982,0.028678511860705982
ring,40,0.3,1.5,40.0,0.0,2.0,0.0,2.0,0.0,80.0,0.0,240.0,0.0,0.0246233188097243,1.5600536084705472e-18,3.999999999999999,0.0,12.6237434263716,0.0925458057529848,0.0109,0.0009474815371066,0.34945,0.0121089760443278,2.282177322938192,0.8251299534771778,0.3502549936590329,-0.0008049936590329154,0.0008049936590329154
ring,40,0.3,2.0,40.0,0.0,2.0,0.0,2.0,0.0,80.0,0.0,240.0,0.0,0.0246233188097243,1.5600536084705472e-18,3.999999999999999,0.0,12.571368775900243,0.099628501500582,0.010425,0.0014713318527961,0.7646500000000002,0.0091833400757768,4.057204129667897,1.4004940983807397,0.701712432818141,0.06293756718185917,0.06293756718185917
ring,40,0.3,3.0,40.0,0.0,2.0,0.0,2.0,0.0,80.0,0.0,240.0,0.0,0.0246233188097243,1.5600536084705472e-18,3.999999999999999,0.0,12.633883591668477,0.0896158905347905,0.0102,0.001041026214342,0.999325,0.0002387303036791,9.128709291752768,2.2114243145970685,0.9494098690552106,0.04991513094478939,0.04991513094478939
ring,80,0.1,0.5,80.0,0.0,2.0,0.0,2.0,0.0,160.0,0.0,480.0,0.0,0.006165332533743,0.0,3.999999999999999,1.9968686188423e-16,2.4236787667021504,0.0156489877407816,0.010575,0.0017302584382565,0.2024749999999999,0.0111708857939311,1.6137430609197567,0.4785563631972049,0.1816186595045265,0.020856340495473413,0.020856340495473413
ring,80,0.1,1.0,80.0,0.0,2.0,0.0,2.0,0.0,160.0,0.0,480.0,0.0,0.006165332533743,0.0,3.999999999999999,1.9968686188423e-16,2.4159919991626344,0.011633745377394,0.01105,0.0012146924237067,0.98805,0.0014376654321283,6.454972243679027,1.8648507243170955,0.8853991589345492,0.10265084106545075,0.10265084106545075
ring,80,0.1,1.5,80.0,0.0,2.0,0.0,2.0,0.0,160.0,0.0,480.0,0.0,0.006165332533743,0.0,3.999999999999999,1.9968686188423e-16,2.4151047823748897,0.0146782374854055,0.0099,0.0016499943221592,1.0,0.0,14.523687548277811,2.6757809405334245,0.9840340448528543,0.015965955147145716,0.015965955147145716
ring,80,0.1,2.0,80.0,0.0,2.0,0.0,2.0,0.0,160.0,0.0,480.0,0.0,0.006165332533743,0.0,3.999999999999999,1.9968686188423e-16,2.4089115619732104,0.0164962223388227,0.009775,0.0010484650183658,1.0,0.0,25.819888974716108,3.251145085436986,0.9962958338284288,0.0037041661715712104,0.0037041661715712104
ring,80,0.1,3.0,80.0,0.0,2.0,0.0,2.0,0.0,160.0,0.0,480.0,0.0,0.006165332533743,0.0,3.999999999999999,1.9968686188423e-16,2.421251105258796,0.0166925794443196,0.010175,0.0014661695708635,1.0,0.0,58.094750193111246,4.062075301653315,0.9995341609735912,0.000465839026408843,0.000465839026408843
ring,80,0.2,0.5,80.0,0.0,2.0,0.0,2.0,0.0,160.0,0.0,480.0,0.0,0.006165332533743,0.0,3.999999999999999,1.9968686188423e-16,9.69389217757549,0.0671950903037297,0.009825,0.0019655047697728,0.02845,0.0036111930963252,0.4034357652299392,-0.9077379979226857,0.006334298041947336,0.022115701958052663,0.022115701958052663
ring,80,0.2,1.0,80.0,0.0,2.0,0.0,2.0,0.0,160.0,0.0,480.0,0.0,0.006165332533743,0.0,3.999999999999999,1.9968686188423e-16,9.649213813598417,0.0584997788018744,0.0106,0.001338809054425,0.2081249999999999,0.0094239638408519,1.6137430609197567,0.4785563631972049,0.1816186595045265,0.0265063404954734,0.0265063404954734
ring,80,0.2,1.5,80.0,0.0,2.0,0.0,2.0,0.0,160.0,0.0,480.0,0.0,0.006165332533743,0.0,3.999999999999999,1.9968686188423e-16,9.642598334349028,0.0540344144713918,0.009425,0.0011623273159801,0.7322750000000001,0.0112747027945424,3.630921887069453,1.2894865794135337,0.6390398412239576,0.09323515877604249,0.09323515877604249
ring,80,0.2,2.0,80.0,0.0,2.0,0.0,2.0,0.0,160.0,0.0,480.0,0.0,0.006165332533743,0.0,3.999999999999999,1.9968686188423e-16,9.642036099548289,0.0570295411005914,0.011075,0.0015499645327011,0.98825,0.0018160990582767,6.454972243679027,1.8648507243170955,0.8853991589345492,0.10285084106545073,0.10285084106545073
ring,80,0.2,3.0,80.0,0.0,2.0,0.0,2.0,0.0,160.0,0.0,480.0,0.0,0.006165332533743,0.0,3.999999999999999,1.9968686188423e-16,9.612073376022284,0.0497330959289311,0.0113,0.0015122046645108,1.0,0.0,14.523687548277811,2.6757809405334245,0.9840340448528543,0.015965955147145716,0.015965955147145716
ring,80,0.3,0.5,80.0,0.0,2.0,0.0,2.0,0.0,160.0,0.0,480.0,0.0,0.006165332533743,0.0,3.999999999999999,1.9968686188423e-16,21.776060041534706,0.1493597258812948,0.01035,0.0018771406587231,0.0157,0.0018694504680872,0.17930478454663967,-1.7186682141390144,0.0007984493553257691,0.01490155064467423,0.01490155064467423
ring,80,0.3,1.0,80.0,0.0,2.0,0.0,2.0,0.0,160.0,0.0,480.0,0.0,0.006165332533743,0.0,3.999999999999999,1.9968686188423e-16,21.68501780202364,0.0911984314967407,0.01035,0.0013397526087422,0.057525,0.0032139116926917,0.7172191381865587,-0.33237385301912364,0.02706600794984455,0.03045899205015545,0.03045899205015545
ring,80,0.3,1.5,80.0,0.0,2.0,0.0,2.0,0.0,160.0,0.0,480.0,0.0,0.006165332533743,0.0,3.999999999999999,1.9968686188423e-16,21.83214676806129,0.1603835808964046,0.0097,0.0015021433108448,0.199025,0.0122435973794254,1.6137430609197572,0.4785563631972052,0.1816186595045266,0.017406340495473405,0.017406340495473405
ring,80,0.3,2.0,80.0,0.0,2.0,0.0,2.0,0.0,160.0,0.0,480.0,0.0,0.006165332533743,0.0,3.999999999999999,1.9968686188423e-16,21.753493155685188,0.1430391762329047,0.0103,0.0013001169178193,0.542825,0.0152054284125941,2.8688765527462348,1.053920508100767,0.4919919375927747,0.05083306240722529,0.05083306240722529
ring,80,0.3,3.0,80.0,0.0,2.0,0.0,2.0,0.0,160.0,0.0,480.0,0.0,0.006165332533743,0.0,3.999999999999999,1.9968686188423e-16,21.70311812332709,0.15278802259572,0.009725,0.0014333960227008,0.98885,0.0019536713616864,6.454972243679029,1.8648507243170958,0.8853991589345493,0.10345084106545066,0.10345084106545066
